group_run,sub_id,run_id,MAE_glideslope_error_deg,RMSE_glideslope_error_deg,R2_glideslope_error_deg,MAE_localizer_error_deg,RMSE_localizer_error_deg,R2_localizer_error_deg,MAE_airspeed_error_kts,RMSE_airspeed_error_kts,R2_airspeed_error_kts,MAE_total_error,RMSE_total_error,R2_total_error
11_1,11,1,0.10775173344453175,0.13806380571356358,0.9666144634873888,0.06127010574832558,0.07407840258373148,0.9807049992461923,0.04299573643287023,0.05930589555667515,0.9724973617946222,0.11699416860262553,0.15069449736442134,0.9468745536988865
11_10,11,10,0.06309347280899684,0.09836675076876428,0.9173410968340264,0.031932345982392626,0.03729115458329476,0.9600509523453665,0.033197903007660054,0.047907424914716924,0.9230341071569196,0.07385495522499085,0.1138276536746155,0.9445128845924401
11_11,11,11,0.07364154656728109,0.10438416401144766,0.0,0.19774604467789336,0.2963310395789093,0.9591130745022817,0.15619861590226491,0.19374516616748572,0.943656024542543,0.32485196915944414,0.3857499344219451,0.8901568967785805
11_12,11,12,0.11127957611719766,0.19675738272364282,0.7013905420591524,0.050747113814353935,0.05998950172596371,0.9450061612692197,0.060036541581153874,0.1500853968252065,0.9417322234016148,0.1614670835876465,0.26716626765282736,0.9210332602089206
11_2,11,2,0.0869513401667277,0.1609487720655185,0.9585589970724504,0.6658024084006747,1.6428004023083658,0.26397517726516295,0.2512233389655749,0.37596217172945984,0.9305792111788808,0.3165221186447143,0.441229978331473,0.9219356719563822
11_3,11,3,0.1263084777614971,0.17590398581346078,0.8912481610188383,0.04920280377070109,0.06113467502668638,0.0,0.25314540785749756,0.37195370344900996,0.7729623578126094,0.792474440491994,0.8414527617678361,0.38394696313338217
11_4,11,4,0.03972100019454956,0.04686481775693272,0.0,0.10410116116205852,0.1343663891838432,0.0,0.17556100146000586,0.22914471009571102,0.9169860475053744,0.24577553994496662,0.3153375615955514,0.5841801430507699
11_5,11,5,0.13623016417284806,0.1783883271597607,0.9809623191596698,0.16029154206653437,0.22015400318993095,0.9816546795628505,0.07887383813540146,0.09988238300569627,0.914234347879483,0.2421741829617818,0.2854698357114789,0.9727590245542153
11_6,11,6,0.07511096398035685,0.08372883732954939,0.0,0.3661076159312328,0.7230677425508572,0.7614855045787599,0.18607598321596783,0.22538902999968505,0.8660222142654767,0.22889057912190752,0.3140277779150552,0.8086740495988247
11_7,11,7,0.1399264776579539,0.19792293764617389,0.9073577023311391,0.036742857251955814,0.044368357778654104,0.8880083791880369,0.05199143886566162,0.07574823747802208,0.0,0.1125288805643717,0.20313132261147254,0.9019818982071419
11_8,11,8,0.06854177506854137,0.08736368324453372,0.9654878856092124,0.014777757556686798,0.021368995715379084,0.9451398129662186,0.03826368210266033,0.04955346747620432,0.966290189282196,0.08700634324947994,0.10764377202007686,0.894792951781123
11_9,11,9,0.21274890202999114,0.3098925584651372,0.943699311693842,0.11470648086170358,0.13949205851357296,0.9758982365597977,0.1975073546424508,0.23266959257330655,0.9291477848686085,0.26192174521764117,0.37862211622628433,0.7607039924853236
12_1,12,1,0.014379581793313846,0.01680814448394654,0.9635121333233609,0.009010910022060078,0.011009947455132552,0.809599468001458,0.024156665998299916,0.028215561566569396,0.8565795430769417,0.025357467659314476,0.032056904089501424,0.8548196742400486
12_10,12,10,0.0342553480026871,0.04575919694665023,0.922071240536546,0.029810261472066245,0.036568412297071716,0.9770587034159158,0.02354908165136973,0.02801166867601045,0.8497893186012883,0.06360209098418554,0.08495458617515039,0.8801813574676097
12_11,12,11,0.029184216488339007,0.040978142917720436,0.975137913576717,0.014695728015129762,0.019062961822624406,0.9826691355283742,0.017273625199397406,0.021739983984455244,0.9454552914059978,0.04278987502733866,0.06804658767314828,0.9605866932524454
12_12,12,12,0.015817128041622542,0.020847813610702585,0.9607169738408251,0.012133773936430614,0.015627558392705534,0.9621933206827695,0.020911484522819514,0.027154345461823815,0.6338620328568878,0.020050029929478966,0.026955114978897323,0.8870812929314889
12_2,12,2,0.019460053833400208,0.023388120471308012,0.9495930667091929,0.02543290778035919,0.03514579681739379,0.9752345017220722,0.018362675193150834,0.02181486549565837,0.8099589084668656,0.023660596319834394,0.028800669954271017,0.8737785747944198
12_3,12,3,0.030449491682645553,0.037465932589263,0.8998360663016438,0.027367440386290354,0.034048736282492414,0.9674571350010766,0.017562714192072545,0.023097763315700872,0.8848110287541746,0.03944991485754647,0.05148733876601523,0.9390572952264967
12_4,12,4,0.1094116059591621,0.14742606390480925,0.8753957682509834,0.06452850033620372,0.08183079919723467,0.966581233460257,0.12307887705614638,0.15418364027015427,0.8150627723547718,0.16368815597057343,0.21263178444512726,0.7690233193841105
12_5,12,5,0.03008229165592231,0.03941049003833775,0.9091922483783428,0.023584886917173867,0.02986609647835978,0.9729487286856423,0.01776860794981321,0.02380560725797869,0.9277548465596889,0.04704414055109023,0.06367454950962248,0.9054236485000181
12_6,12,6,0.08386115352161229,0.11949397062947685,0.8141147758296129,0.028972849728266397,0.037214248029360596,0.960478268208428,0.1252090301174422,0.15948642901699076,0.9033832960922921,0.13846619060993198,0.17799675221067982,0.2608788878258417
12_7,12,7,0.0192855355400592,0.02426396991843514,0.9508254020683296,0.010296659417549774,0.013103011627080906,0.9617436706463081,0.017297185001571968,0.022372010036780642,0.9822828883730376,0.02790674347162246,0.03573151137478228,0.9350955836875876
12_8,12,8,0.01947321005642724,0.025641781273135877,0.9382666009927797,0.021783566847244903,0.029966006045644006,0.9447372439292607,0.02181188441991806,0.02744078731180066,0.9085337633748857,0.02616750434875488,0.03320781036739522,0.7727585375307584
12_9,12,9,0.0763512881833563,0.09604117783371265,0.8537246578217883,0.0497998119576027,0.05508037864204216,0.9759737009888496,0.12939815526199838,0.15290654799562917,0.6262396300297282,0.14670936129570003,0.17467511890909562,0.8086914915941545
13_1,13,1,0.15510863016267615,0.21138945348356314,0.9701635092741282,0.29844487050493557,0.3525816924339166,0.9717963471248756,0.13164666479940218,0.1546540797013533,0.967136771397625,0.25894930965423585,0.3404548525227098,0.856236097447902
13_10,13,10,0.2705631064906716,0.7123487582369815,0.6564714312445928,0.4082314670085907,1.1237447113732408,0.8595325721535786,0.25140334256935865,0.29720496566624033,0.8950253701613663,0.36189007746378576,0.556130631573961,0.7221806503831669
13_11,13,11,0.3173691452852884,0.47944899214640224,0.9601825926730463,0.1650047115276754,0.19958665516084867,0.9730680635430738,0.1617109013108024,0.18850890448404042,0.9262292134902943,0.4604647239112854,0.5715426201985291,0.78931665301979
13_12,13,12,0.04790901343027751,0.049820687318620854,0.0,0.04929519398326674,0.07327496997998392,0.8442852831749736,0.11954419400811196,0.20063469607487927,0.9717275086539328,0.14418889033635457,0.21013714959136523,0.9435063473994743
13_2,13,2,0.08460031497057748,0.116831693250873,0.9879082254357091,0.13067276478474046,0.15622192149183872,0.9471283749353957,0.15847642930722702,0.19187254657407227,0.9721419733450255,0.2348482013477999,0.30208271176884816,0.9822263514168615
13_3,13,3,0.044140877939860025,0.059722758438119965,0.8716263128361806,0.10673825362523395,0.1294879911583494,0.9530291044617584,0.1633821601998992,0.19004650458620737,0.9563069438269881,0.20346076161702475,0.25508831973552754,0.9158878716749408
13_4,13,4,0.04502762158711751,0.051176559369082775,0.0,0.11755434027545154,0.13671791204193945,0.9821823435232512,0.12919559554100032,0.16996020398874634,0.8743281269715674,0.19286078550974523,0.23106074191224935,0.8882396823217823
13_5,13,5,0.14500168122410775,0.2924510096613859,0.805859487922893,0.2063588084215919,0.30738060351498364,0.9289359001335159,0.17034815012353166,0.23918703952129822,0.862300505562477,0.30099257958730063,0.46598316073524076,0.8511896945920596
13_6,13,6,0.05228339036305745,0.057283984633183224,0.0,0.07498986149311067,0.08735345604004136,0.9853001616726399,0.18594454399784405,0.2312759607301932,0.9735428353277189,0.22529375958760575,0.28072865298836497,0.8340120536712052
13_7,13,7,0.04867158730824788,0.04975005856988714,0.0,0.18894503435134885,0.24191467114738116,0.9005964610442865,0.11364370990385612,0.15172213843710772,0.9141070023587562,0.1673390017573039,0.2171969770862007,0.9464402839759481
13_8,13,8,0.18102031415383021,0.27219115954477324,0.953642501488561,0.15369150937000914,0.2993263673709451,0.9698050586593856,0.1324557523833712,0.1844661099205135,0.9523908602528348,0.384359711151123,0.4937025491289355,0.859522502727547
13_9,13,9,0.09759363730748495,0.10326737720308762,0.0,0.08425744663238526,0.1022220133598079,-0.31362828844601376,0.27901690140364066,0.3314732278875088,0.9438452780570072,0.3704409845225017,0.43227659319576783,0.6997316786467153
15_1,15,1,0.04874412827471893,0.06190418937197893,0.9790993661868167,0.026475717884103463,0.030250878985041783,0.7625169976238242,0.0587052432478095,0.0700008002791797,0.8968969729025763,0.069664743326505,0.09259480693458798,0.9406956054676522
15_10,15,10,0.07158743285576502,0.08224765303567973,0.9850429755183846,0.03180201809873184,0.04207280616214408,0.9779074248190197,0.0365962851969401,0.04957001443384294,0.5137222795491627,0.0691645062192281,0.08688364016860878,0.9648043964665846
15_11,15,11,0.01868118534671764,0.023978674209333358,0.9785807121474188,0.009968795606295267,0.012291323650532674,0.8990069234099758,0.02728431255022685,0.03594168232672344,-0.18280073109183004,0.027064630292256666,0.03270691947893275,0.8124416594601345
15_12,15,12,0.017088809372584026,0.024877656645701216,0.9757200523284157,0.021748712777098018,0.026977418901909467,0.9768191007344588,0.037199273907343545,0.043117204378886574,-9.142236850808988,0.03368770189921058,0.04013006288310673,0.7801828983758237
15_2,15,2,0.12359560637626799,0.16309547560572543,0.971589984520032,0.06907470168476304,0.08315373563288701,0.982855019041691,0.033734692824284235,0.04695997296711415,0.9101520592697416,0.1156432159149647,0.1651280527915064,0.980594333227862
15_3,15,3,0.016829317107672492,0.020869373641405772,0.986224168465978,0.03342964168608189,0.042250916544227156,0.9736619461648492,0.02613072440291445,0.02766080888813014,-6.654737420565756,0.04278461397329966,0.050646000754060734,0.951362176214577
15_4,15,4,0.14194935130164027,0.16758293728981474,0.9452003815518941,0.0615763822054863,0.07069281081496427,0.9575099579794359,0.1278502870817234,0.1590760339806992,0.8541561406564381,0.20367195246378586,0.24474129901070263,0.866804368498171
15_5,15,5,0.0264605230830734,0.03736633449374489,0.974484266115567,0.05439639596069853,0.06466732590769675,0.9592060925917538,0.02750058100700378,0.035636159561591656,0.32384035550938906,0.06511288289388022,0.07671998057137928,0.875615497811135
15_6,15,6,0.2005028547712167,0.6470355453074027,0.8067981293077564,0.3684269099696477,0.8565263639093221,0.8793016750988659,0.2050646098142986,0.2619470025520194,0.9065660432036265,0.36458539749145513,0.4903717344042842,0.8161895664998978
15_7,15,7,0.05965182615488767,0.07861695658276789,0.991659776252949,0.03185404781982303,0.040408672245430995,0.9638013981444284,0.022374588955243427,0.030101596764588037,0.9352572651299169,0.0884444032637278,0.11743409355625718,0.9467190685237675
15_8,15,8,0.08165142230161777,0.11696640942312655,0.9832298395467778,0.039240813105553385,0.04840439233969997,0.974540247821982,0.02132053538401922,0.028887887456942235,0.884423066991992,0.09115005153656004,0.12331447006622694,0.9816778591310743
15_9,15,9,0.09157214945634205,0.17196343293385352,0.9297939873062521,0.0602055234538267,0.06749170590697307,0.9665300380119403,0.1536514414683978,0.18283085257669043,0.7731357170158811,0.18973739307403564,0.2323266177762173,0.8878310567150662
16_1,16,1,0.024424586858749393,0.03059623583099719,0.8753668321852999,0.022883436580250664,0.033642080935603266,0.9172046946680258,0.03350176624721537,0.040196432992234764,0.9759413027989466,0.03409509374141693,0.046511100039111644,0.9762827045414695
16_10,16,10,0.036497274280389146,0.043746983564287585,0.949755687013359,0.014884657623718184,0.02159904697336361,0.8921938345117056,0.017874364544691823,0.024116820520219736,0.8903282237463933,0.0297348417878151,0.03614773179483862,0.9744573958603068
16_11,16,11,0.02757157595192393,0.04027043455267948,0.9179418284911443,0.019718019485548136,0.02561039903269169,0.9358403408981724,0.018688186521530155,0.02449015278083692,0.8000390323531451,0.038688803399403886,0.0462987929250072,0.7298831635392227
16_12,16,12,0.03258160556038221,0.0428293646445358,0.9308338830628968,0.011901689439987142,0.015463974966882399,0.9285320399638136,0.023826604897181195,0.03047352376542059,0.9689543086249456,0.04630181739171345,0.05899249203677218,0.8352178281799895
16_2,16,2,0.020554914406901225,0.02518452544054892,0.8782331085089018,0.05022910595218342,0.060661896084267954,0.941624207315227,0.019481623822053273,0.02448259005747626,0.96987552487927,0.04724460446675618,0.056730942291348486,0.8731081458894892
16_3,16,3,0.034004427392991886,0.040637994791942265,0.9679316086831601,0.01589158785060048,0.02321802222901827,0.9502375081919042,0.027741857337156936,0.03530394773864817,0.7024465511992686,0.04401839215834935,0.056636783097562815,0.9152621492140344
16_4,16,4,0.11353817819063862,0.15418041629414797,0.8359118973057397,0.05858527946981291,0.07354634743494683,0.9541125998722697,0.14276179910084855,0.1743118269656568,0.3782323377344454,0.17324150510708491,0.223444378431194,0.6129664553688543
16_5,16,5,0.02610031037199,0.03139840345813238,0.96334918221168,0.03165509967774152,0.043427348656796365,0.9689336480472918,0.024029630164603393,0.028619162652968943,0.8993936574340166,0.041514946366945894,0.05305037194439786,0.9606534725815402
16_6,16,6,0.10952429339058543,0.17391896815214147,0.7344794340285042,0.0700018960136175,0.08775849154760514,0.9674876422616224,0.13807679712455254,0.1758936835706568,0.10498410036442574,0.15762139485518137,0.2212565152291859,0.857739260790048
16_7,16,7,0.05074224723801017,0.06304393535775253,0.9665577668034947,0.013234777760865787,0.017876775406667333,0.3616036217971369,0.03196487432320913,0.04209409003853948,0.9721765428234833,0.06749726078748705,0.08556089203488045,0.9319653365575076
16_8,16,8,0.03547854547901699,0.04627214234112169,0.966515825306777,0.020044162155588467,0.02547864244458297,0.955031195027455,0.030045681520601115,0.0351602751240688,0.649958880639607,0.028808360337813695,0.0367170603879588,0.9681450098541086
16_9,16,9,0.07946817386422615,0.11609473613024203,0.7843685476115547,0.031686300249025225,0.042263900651119554,0.8908970843303609,0.11846118507593868,0.15198136633130946,0.7899055175306298,0.1515118257848422,0.18699243090064263,0.5240359344176423
17_1,17,1,0.07731241139948368,0.09287726514595357,0.9610929171970304,0.020715822127362095,0.02643557353931245,0.9479450566148945,0.033983994663556415,0.04320351978236312,0.9148555585557604,0.11484148334185283,0.1405100938780117,0.8508903238491736
17_10,17,10,0.03110915655309955,0.046229503260081045,0.971945499453245,0.040595506701519096,0.05010380367510189,0.9704706595879462,0.014395733673175174,0.018898525014500213,0.9512087486398735,0.061561260749499004,0.08855243563749925,0.784273601051007
17_11,17,11,0.04983389213000734,0.06614259997437706,0.940850409255313,0.018579403522411983,0.022980891584129345,0.9679860158710908,0.03254617104128003,0.0421739166428776,0.9446603590494596,0.08529670516928038,0.11044220723540306,0.8251934159866453
17_12,17,12,0.03443982234239577,0.04467796129771781,0.9256553097839881,0.011075513776193065,0.015301238330607293,0.933081816327728,0.023085749518076577,0.02835658413846884,0.958805554056701,0.05030884012858074,0.06469062433637161,0.9279342353595242
17_2,17,2,0.07614800304194294,0.08965431296715207,0.9433036760714395,0.02238087804377079,0.03025581219691034,0.8920896100700086,0.028444998322327927,0.0375826351414911,0.9459608384383319,0.08858891478459038,0.1051093473417987,0.8060435426225109
17_3,17,3,0.06384172230195255,0.07920293221143997,0.9304484626525679,0.028758820320367813,0.037056684564961556,0.9812236726680836,0.023023087394237526,0.02924918492306722,0.9212121368934996,0.07214915592590969,0.09662452700302653,0.8329376139397517
17_4,17,4,0.08958743964316945,0.11803233034429167,0.8925012464414976,0.04296215492402514,0.054182647145918306,0.967743038223487,0.12999892287075518,0.1647080698707915,0.5790534941077143,0.16617607186635336,0.2113037340491987,0.7191220034608404
17_5,17,5,0.036489873808889337,0.052066631539122096,0.9593309495291713,0.037344371343577897,0.04791484707841106,0.9640751339395276,0.021750106728275615,0.027255995356768634,0.8593016183006541,0.044417908546129876,0.05729827541246723,0.8269108774086364
17_6,17,6,0.17253556304431214,0.2206751457911673,0.943455272453761,0.047518973243633904,0.06236934221511387,0.974065360705959,0.14256389864110697,0.16921303274022964,0.8728747390796171,0.21327043602466583,0.27447577611501484,0.8711514215303133
17_7,17,7,0.07461066728288929,0.10544397701135431,0.9683800297284166,0.01695710889396568,0.020702079858004988,0.8690433071847075,0.03724757106587291,0.045528152676057275,0.9474327742806252,0.10294041361808778,0.1327485956972389,0.9653622011871617
17_8,17,8,0.019974580329457918,0.02712591814471634,0.9847917738285651,0.02593226256753008,0.03326232625628723,0.9843078329756046,0.016482468101183572,0.021851321874335625,0.8962153071502633,0.04036332742373149,0.05312753701225595,0.9787315250324322
17_9,17,9,0.06100165474499266,0.07709081327392597,0.9408893221281148,0.03240629872083664,0.03752597107448663,0.9810685907590341,0.11844819818178812,0.14761228371273952,0.27972549625407506,0.1403987391090393,0.1832159159232629,0.7848432970405569
18_1,18,1,0.02956726668536663,0.03633192092661928,0.9413787418973751,0.029442065086563426,0.03824569304442621,0.9419192746454029,0.025969630465904874,0.032157503060609396,0.8600394854623195,0.033385547721385946,0.04150510163106541,0.9712600251090783
18_10,18,10,0.02994480039969087,0.044117007205494586,0.9423034691577977,0.022999269138375918,0.03033196873829311,0.945449438003076,0.019046330879926684,0.024940706257697228,0.9329465439298313,0.043335109888712565,0.06005064786502888,0.9266563062959347
18_11,18,11,0.031301946830091375,0.03768642690505316,0.9155968373850678,0.03701025239800414,0.04617452032461608,0.8943716283385591,0.020651104315519333,0.025733807614050773,0.8799549969315154,0.05603655172348024,0.07029446187118923,0.8601553501682946
18_12,18,12,0.015103062306990224,0.017708258748903794,0.7449139803112748,0.01017895274221897,0.013467769135354505,-0.04926787684977718,0.012987835132215794,0.015753985786486718,0.8084155800978287,0.04247643865307172,0.04802027577864585,-1.0132302582114643
18_2,18,2,0.02654736908705284,0.03529053908371615,0.9258398354385027,0.04816803020046403,0.0634673063649814,0.9516055080634009,0.019269144518797597,0.025031494419031866,0.950693269451101,0.06268339613954226,0.07959507442424658,0.7290697853752027
18_3,18,3,0.01747581464561013,0.024407603792360535,0.9067136857818113,0.017727931314185263,0.02469362517746266,0.9213027981577937,0.01605447801351547,0.020289972569940008,0.6681143838783864,0.03254160733302434,0.04129215510392742,0.6053902818172261
18_4,18,4,0.10061944695035616,0.1266301917064737,0.8474264006596464,0.04533791187485059,0.054204927035704925,0.9670747808205493,0.13254441920112195,0.16634880618387238,0.801491722656157,0.16267878102143607,0.20110389243752347,0.7311089705282295
18_5,18,5,0.016056768125444654,0.020283647544612857,0.9464562019270054,0.02909379781894386,0.03992904730186727,0.9441325120625845,0.016391333216031395,0.0209334038585829,0.48811419930909616,0.04859005061149597,0.06099553014508807,0.8240194666648654
18_6,18,6,0.10932636960431935,0.1394570077946332,0.7944788909814544,0.04823378662057221,0.06716455719965295,0.9687279228714004,0.1360602341435415,0.16433867460470997,0.3282475663938328,0.19000933108965556,0.23945834171867075,0.6425258250893464
18_7,18,7,0.02888568538695574,0.03591682485591839,0.8354763043167899,0.017832088896433514,0.023641514364479976,0.8593734357628233,0.014878692134569087,0.01905600476742706,0.779161494930925,0.042771987974246334,0.05031697723359987,0.8186166355701345
18_8,18,8,0.010916651727072894,0.013708198257219018,0.9783991144100682,0.01828203833286961,0.02572469456039152,0.9347488614148373,0.012896173467636107,0.016818440976465586,0.5682042600871491,0.027326877979437513,0.03459403582351355,0.8455112612672944
18_9,18,9,0.08805569370071092,0.12023332679517691,0.921575220045406,0.07946921648025514,0.1021210671634112,0.9660895662728424,0.12358921803248422,0.1579826635976493,0.7892876370705949,0.1735178190859159,0.23151170114750202,0.6807600799017819
19_1,19,1,0.06484743596951166,0.08383029869820978,0.9159073133278011,0.024765064390947427,0.02876848791328907,0.9906685300005221,0.036949178609376146,0.04876196341947851,0.956754085511359,0.07647358096599578,0.10272454654276943,0.8871181605397811
19_10,19,10,0.036780584496393175,0.04977808913292502,0.8942179395934108,0.01662340077350537,0.023407279465333566,0.9245309034691896,0.022360455617109937,0.02914035915522525,0.9295717027691879,0.05587680646498998,0.07540839368562445,0.8595907886989087
19_11,19,11,0.05358950733145078,0.0628549035406858,0.8465413006573735,0.017946199078957236,0.02371797155976989,0.9792648215142432,0.029569605485995618,0.03651587184643599,0.8548724021903038,0.08812501509904863,0.10790968679245086,0.8206026558964405
19_12,19,12,0.09237823799083628,0.10907728201495619,0.9433350447990023,0.017151151712710658,0.021132958164455415,0.9553429337181016,0.048141134827844795,0.05936212437872529,0.9684478822579925,0.12784358474572502,0.16367488830944688,0.7177141506585063
19_2,19,2,0.07350042661031088,0.07601293668772713,0.0,0.29152295284748075,0.7767256942112981,0.755239845890705,0.09518248980561891,0.11787358063631928,0.9790950374317143,0.26545888965606684,0.47092667449297776,0.7370614729910354
19_3,19,3,0.07026181821757307,0.08391772444917411,0.9094415707852501,0.014762063343922304,0.019165516801419778,0.9814578492079582,0.03644517542680104,0.04706084422352149,0.9562455244961805,0.10616942785580953,0.13538272835378753,0.9222217666183311
19_4,19,4,0.13227619556109108,0.18365866528724853,0.8937538148766274,0.16889055745407944,0.20123458932391838,0.9511330248608686,0.18228998778978986,0.21573432984489574,0.5926283720047791,0.24830440509796142,0.30942572314790595,0.8570143713527737
19_5,19,5,0.07578638433506092,0.09702053535908708,0.9272810597515351,0.09727149807433284,0.1096962634743902,0.9802820368175638,0.03663934551517168,0.04465054863334377,0.9435071927617626,0.1146094827111562,0.15016646293353006,0.9499706904834921
19_6,19,6,0.20512047640144823,0.28154399829529886,0.9639294145401199,0.15151786955515545,0.19649792326399168,0.9315045953156058,0.17013144092877705,0.20358579242630445,0.7929895584721411,0.2828727235984802,0.36482883890731665,0.7905950070317712
19_7,19,7,0.03224549377498527,0.04300591206261823,0.9593674232179343,0.014436378070662418,0.017472058010024716,0.9490111925352378,0.018540076238202547,0.02217293280415694,0.9486970008867057,0.04435115663448969,0.05417220250086214,0.8246855920026838
19_8,19,8,0.06530986217007041,0.08326818325002142,0.9267498206955695,0.025036379921038944,0.030688603234855713,0.9763072503380621,0.03554907663742702,0.04472263612736884,0.9430548888469596,0.10018147398471831,0.130111811896816,0.9446978127550913
19_9,19,9,0.120716298984314,0.15869732354777924,0.92201698631329,0.12579016962985196,0.19312615799350208,0.9112690849062018,0.15613077055295307,0.19950330785089246,0.7157623323557856,0.20577338351567578,0.2576575065398371,0.7769705932560064
20_1,20,1,0.04748096262314979,0.06629912667103195,0.951824714715962,0.022185873091705145,0.02837900969421609,0.5948632124656514,0.08099283393541974,0.09828091499124615,0.9752664555192597,0.059975251111984255,0.0822343853466256,0.9716032842070823
20_10,20,10,0.049808302536473295,0.06400393096756214,0.9805836872352373,0.017447197350362938,0.01985569778171393,0.9683700798525039,0.056988282337188716,0.06761568611744914,0.9529977606461136,0.059473121897379605,0.07696951520097284,0.9158524156932659
20_11,20,11,0.11011873690992593,0.13647266951049142,0.9755248041820935,0.100077252039512,0.12833869446085774,0.9761795946356381,0.11956642241716385,0.13983808807681797,0.9690092924884863,0.2528524158636729,0.321215165058985,0.9463217556575473
20_12,20,12,0.033601358528137205,0.04812501935999113,0.9342396288467384,0.022411919963742442,0.028224854115871115,0.8889108331475024,0.03726215757369995,0.04586733778191891,0.8191124824187794,0.05559352331161498,0.07367176869546027,0.7052068794440829
20_2,20,2,0.07761539069334665,0.1379610272674803,0.9577920880829467,0.0717772349560509,0.1500453273305231,0.6827887647582433,0.2823597589755058,0.38483135608365393,0.9421070216131237,0.20543632925033564,0.31069615216926944,0.8193883085331141
20_3,20,3,0.04535614300214997,0.050377799299414466,0.9807312404913416,0.020522086460192997,0.03003042982593141,0.9810115977825383,0.04269438881953558,0.04924365812661931,0.968657192671574,0.06386182445208231,0.07561538216714347,0.9074393158313131
20_4,20,4,0.3732595479039352,0.5716680174263723,0.9005489164688322,0.37056872703154886,0.5130371002428018,0.9440106324420829,0.2179078549622496,0.26010081486069947,0.9090747787381772,0.5338681574789682,0.692775203513184,0.7948222580785287
20_5,20,5,0.14570359079758324,0.17028929388143488,0.9336537720951552,0.06027057071499527,0.08181512889363918,0.9107358010284164,0.06144051507115364,0.07510087013931724,0.9628117144730968,0.195608840722243,0.24741661927800646,0.7749105211260445
20_6,20,6,0.22923389100909228,0.38168861762598333,0.9626764733787592,0.13224994606395563,0.16119593241070115,0.9422106393866658,0.16190110217293102,0.20238433810579182,0.8778773520897671,0.28490410122553506,0.4439255738252749,0.890447873748344
20_7,20,7,0.04821097768584887,0.06429714222939018,0.9010132626932364,0.020091149293979003,0.02700811901285936,0.9398032057714988,0.05274535496393841,0.06484664065508007,0.5688112547719191,0.07061926734606429,0.088011368985833,0.8426954039727094
20_8,20,8,0.03516406583922605,0.04351539667839406,0.9545831585933241,0.025885989917467038,0.03499594516165439,0.8184966002025693,0.05939007797559102,0.07839980382093245,0.9533580598031155,0.040850341367721546,0.054677026615072205,0.8983497937184323
20_9,20,9,0.3293833883130303,0.4243327236978774,0.9094568304133527,0.11915301141873001,0.1535620262047311,0.9266454433728716,0.17819816499705116,0.2125710565767355,0.910074685681016,0.3975023819271724,0.4736213821200251,0.8749818905235877
22_1,22,1,0.16775901756942274,0.20863356692468404,0.9050612151795033,0.048189798574447634,0.05472310936991181,0.8839574486912979,0.08382271314938863,0.0983232630900704,0.9229205114995888,0.15644101051966347,0.19361222644303794,0.615079081969397
22_10,22,10,0.0479615872831084,0.057581573950617575,0.9174034042140207,0.04020496995892376,0.05457898720128681,0.894451539105473,0.022651238414446516,0.029502203358598253,0.9416977472193442,0.06509250014623005,0.0830207952884611,0.8752583786850413
22_11,22,11,0.13590433939417204,0.1650609296327462,0.9764629819637496,0.020723417515878872,0.02599589897419344,0.9202613918839027,0.08429430877526603,0.09820968442226803,0.9520013757854123,0.18132174474716187,0.22550837364555135,0.9330997771680232
22_12,22,12,0.03262213733171579,0.03839448610466259,0.9371370365588523,0.015539164774318541,0.021286155754234315,0.9743506549175798,0.023384383651415507,0.029495326123169255,0.9512571301636448,0.03657733286380769,0.04949129224140648,0.8550524989021469
22_2,22,2,0.11150069874326389,0.12423429261773765,0.9398060860406021,0.09729158309459685,0.11444037376124766,0.9817064733138171,0.08096850741326812,0.09364543466129782,0.9724819277190822,0.19537336948394773,0.24714653616633903,0.9457850300433949
22_3,22,3,0.06006374870369832,0.07050067117087279,0.9679113801054708,0.03618255299389362,0.04140880646564217,0.9728454801230475,0.03383152315934499,0.040921600964471706,0.9677779628264829,0.08959318961222965,0.11942024672497004,0.9517039628118478
22_4,22,4,0.24429595645586655,0.30585802703552,0.894768158626003,0.14455095251131939,0.18630326881354398,0.9832112198939091,0.1697194208666186,0.22093105179166633,0.7707199542932276,0.3461655474646887,0.4021869427719968,0.905234088994379
22_5,22,5,0.2315068915425737,0.3048047547962893,0.9403631109351906,0.026538764132435114,0.030615850693427055,0.9843497096953164,0.12720841019357246,0.16274947417977445,0.9706137218143075,0.3055905329545338,0.3688189471179694,0.9154585736736414
22_6,22,6,0.27153682222707815,0.46328366971378776,0.9357841826997503,0.07978181936959426,0.10820039857611555,0.9760256210019097,0.16132996305160222,0.20134846836932432,0.9542617967463317,0.3848319733953476,0.5445871902821886,0.8927248446249303
22_7,22,7,0.07940051270777358,0.10608396225977733,0.8807433582967289,0.013644414207488298,0.01840165901681685,0.9697457607980166,0.03229029367884,0.042010996103163604,0.9075214465542485,0.07893723236401876,0.11181172245457044,0.708227171844063
22_8,22,8,0.1318672246237596,0.1588009896381799,0.9751530358547551,0.1597282378341009,0.20343661059233137,0.9629284078360403,0.15070045713226,0.1818438255495418,0.9727307651812267,0.25328461112976075,0.34732697302708415,0.8361539638915267
22_9,22,9,0.12652011356617013,0.16162145255193552,0.9286239399487222,0.09560504951943953,0.13734380931907972,0.9402780199944675,0.1643733322019875,0.19397786444803866,0.9499681741160927,0.27791682648181915,0.363302023800631,0.8036983751449869
23_1,23,1,0.12696178116718929,0.1738490715300144,0.9693713346175311,0.02172587858210007,0.026409072163019603,0.8540139634470163,0.04618576302468776,0.06322135426853422,0.9708670196925324,0.16421752631823222,0.23989602495197937,0.9080850333956304
23_10,23,10,0.06565798617651065,0.0802260826124688,0.9845963589783323,0.09829404176473618,0.13721153027466554,0.9742012201933543,0.06090579365792995,0.08468328250379024,0.7111929850580028,0.11094171498616534,0.13344053619700613,0.9367982754273938
23_11,23,11,0.04483482624689737,0.066323558803009,0.966074912185064,0.014147102029323582,0.017002786666021966,0.983616067093468,0.052921801633834836,0.07603058299429441,0.9405272971965671,0.06798817343393959,0.08318230029239303,0.93433034052182
23_12,23,12,0.08225967162221673,0.10146138832449667,0.990596872251552,0.03162157864729564,0.037372601823591436,0.9898896276802572,0.02806865491999934,0.03300241160304758,0.9484461159508946,0.11803318577766418,0.15857098825679203,0.9549859349693707
23_2,23,2,0.08135438916206358,0.09772572642106751,0.9884865459459871,0.04817624667252104,0.05407802303047783,0.9744021500206537,0.03509719399901727,0.04466576613768291,0.9886121021744381,0.07902580629825594,0.10477179195144797,0.9928562605922403
23_3,23,3,0.0989296601440509,0.1248455356835142,0.9060511088293122,0.0262857890892898,0.035017298914601556,0.960114641273166,0.043499265385568135,0.05753893190965779,0.9811707717246183,0.16516444514989856,0.21213180281044644,0.8828562263758939
23_4,23,4,0.25779926075538,0.30630424783051535,0.8388792252809263,0.028783251074552537,0.05453711982888917,0.9647794208020781,0.18869854678284376,0.2461498475364349,0.8937429977021433,0.24460392482121787,0.2983113333486549,0.9394472906918092
23_5,23,5,0.06618337395004928,0.08617843109212107,0.9371410537915288,0.0403979313284407,0.04993345081167366,0.9759544387832898,0.048211769933402544,0.06583095485306799,0.9920683213853224,0.13898242785771692,0.17884936792829323,0.947480179731599
23_6,23,6,0.18252863983206452,0.27881427043521756,0.9198079112795412,0.11856723754723866,0.14612648135308884,0.9219624672272194,0.14597193747455875,0.18535031275738287,0.9369428811708254,0.2511505920219422,0.3176686124113085,0.9093498885351649
23_7,23,7,0.04019881911595662,0.051549647973447084,0.38739607109932295,0.013719759109020232,0.01715506382723429,0.9959337548780062,0.038222675647735606,0.05002462019349903,0.9390725192296826,0.05670532198588057,0.0750892323656152,0.9495081502345092
23_8,23,8,0.0560233454322815,0.06917811918586247,0.9906804713636773,0.0367020476090908,0.05159687546100244,0.992247743612427,0.01710864276278764,0.021684809402053012,0.9291377376188945,0.09359004910151161,0.11625609929761833,0.7924507769533677
23_9,23,9,0.11098931651274363,0.14693515843125382,0.9218350317118711,0.24196921399434407,0.29650843298252044,0.6376390853248595,0.18919241193771358,0.22511677608282388,0.7513649203045374,0.21892043617248536,0.28556719237608613,0.9104041897027325
24_1,24,1,0.05850316053390502,0.07704922199277156,0.6274484614402975,0.2718583272735278,0.365056776290317,0.962118813729787,0.04634374028861522,0.067973011102925,0.7666573314446365,0.22003779005050655,0.29242423852148086,0.8641583260047614
24_10,24,10,0.15023567029931892,0.1853667363740914,0.9026500229286808,0.16180555803025762,0.18869208700320378,0.9638883675826107,0.06053524219920238,0.07807123831172556,0.9257378148054188,0.22068017548243207,0.2764012701358094,0.8397826067913364
24_11,24,11,0.15124035710285108,0.19882080065565855,0.9640619075761933,0.209360690147082,0.2708793254251692,0.9580609702007716,0.09126991429815688,0.11457143341145404,0.9673983536285898,0.3345275118986766,0.41928700432235755,0.9041389601624558
24_12,24,12,0.1586813391152521,0.21061873363682962,0.8210066434568485,0.06820359281899407,0.08535907171562997,0.9346720386326652,0.0598223209599654,0.07552966126704538,0.8914523860724001,0.15396775087674458,0.21547489076899984,0.5974900115185788
24_2,24,2,0.03337060610453288,0.09745474515126396,0.0,0.38794935421148935,1.0883104317070924,0.345727389759207,0.16893708171288171,0.21481713220461127,0.9425426247755035,0.3768151220448812,0.5802472426895443,0.6671063747862883
24_3,24,3,0.027827862440745036,0.040327268905123476,-0.6570183025392715,0.09048122683470451,0.121475576819634,0.9676641036720551,0.07950004915416241,0.08747868630946852,0.5649254913421867,0.10277988772074377,0.12100585307842347,0.9174747160777064
24_4,24,4,0.02719502846399943,0.03473090897800048,0.0,0.2049584305906296,0.5549178910506211,0.9169834557972628,0.14145827824413776,0.18250596953105377,0.8279764996148483,0.23655644345601398,0.43687238233554365,0.3537486769132282
24_5,24,5,0.022668965657552085,0.023730826251526397,0.0,0.15496178869955085,0.18825680535223271,0.9643709361494249,0.05231144881643588,0.0634461542022777,0.8617630548744224,0.15261086702982588,0.1806017172859446,0.9600129627283434
24_6,24,6,0.05677479108174642,0.059410367242314605,0.0,0.07940884555724761,0.09989724513891286,0.9737418987198996,0.16358396108924722,0.20856156070898907,0.9659370892751274,0.19322032136917108,0.2420087168519564,0.9545210523699114
24_7,24,7,0.044069357713063556,0.04708185138586059,0.0,0.07189888929982981,0.09316110267149269,0.9696356462151762,0.11701314227124057,0.16088790354941332,0.971482675545963,0.1574032588513693,0.21096725980938816,0.913125501684325
24_8,24,8,0.030469858646392824,0.03621524767598192,0.0,0.15604888090193267,0.21974865592170165,0.9788220096320616,0.11320303239981332,0.13969839793006572,0.9786348367692888,0.20911979174296066,0.25712379417455106,0.7797568511972905
24_9,24,9,0.3419819192479055,0.5341039397625006,0.8916622068797166,0.20248390457312268,0.27986629569863786,0.9578469555668678,0.1663599175779025,0.21703076955406153,0.8944595038054733,0.49010117553075155,0.6486256925711905,0.8281199046778995
27_1,27,1,0.037902352051734915,0.05201338967707416,0.9879089850920251,0.015210619254534442,0.019762665581602265,0.7843104102468729,0.011083050268491107,0.01536733814595824,0.8623019826442224,0.039411012191772454,0.05128704891547007,0.988504516769879
27_10,27,10,0.029815201876113813,0.04121774380225284,0.9498618160881713,0.01990999508023262,0.022214195513519074,0.9768774961270058,0.020362958839734394,0.024574482086001867,0.5475810515906481,0.03796021339893342,0.05582138235324202,0.9437750311539077
27_11,27,11,0.019623718202511468,0.02581476111030995,0.9625623753567023,0.032627530128210784,0.037841293724814894,0.9740543843693902,0.017128884582519533,0.01914331067016308,0.847734853085244,0.03772323240756988,0.04626149813785017,0.9281245563863233
27_12,27,12,0.029491769363035762,0.036097836022940824,0.9771500404031737,0.011424233093659083,0.014663709264434941,0.855625117849987,0.02048795320351919,0.025031540936010274,0.8655380588643804,0.040553540817499165,0.0511012614949885,0.8646449151350136
27_2,27,2,0.025382163100795777,0.030107957180297146,0.9502586238218211,0.027200875833580888,0.03549379163555087,0.9488461493546279,0.018637704950968424,0.023678159000885282,0.8426772550911025,0.04182922149340311,0.05052324535322743,0.9365681252629954
27_3,27,3,0.033699350613752996,0.04749550194462488,0.9500241132641962,0.01435795579353968,0.01969847742350733,0.9445509825681591,0.017322479283014926,0.021034173194647864,0.8375910879576117,0.05366838231086732,0.06949557951900195,0.9252268101808958
27_4,27,4,0.14284814006745813,0.1802431741388792,0.9367259825185746,0.05542444517821072,0.08994062639905054,0.9835636918567283,0.1215633565671742,0.1502059956249435,0.6946062405312663,0.16648005246003467,0.21795936696300686,0.9015477670562416
27_5,27,5,0.048700246956944464,0.063868668064158,0.9849504155773219,0.02412578065097332,0.03079984529515808,0.9839236526897649,0.01543095947106679,0.01946976218146767,0.8723221061195221,0.0583635898955663,0.07060449070936316,0.9649250682719817
27_6,27,6,0.05192661049146515,0.06212050005925732,0.9722501644932928,0.056175345241402594,0.06541851595287387,0.9707917798784634,0.13091068253252655,0.1508178771169829,0.31598081481735696,0.14247266915480297,0.17775736240433124,0.6378062857166966
27_7,27,7,0.026879239438176154,0.03211952720291816,0.9601738142268277,0.019333011164839067,0.02467570795850972,0.48458368464082335,0.020524932081699372,0.02425304739591792,0.6570083372004325,0.035881075741450004,0.04394879086692178,0.9448674968369177
27_8,27,8,0.025590927778234084,0.03225401507115423,0.9881372653471598,0.019327553433279198,0.025361925054600658,0.9501058175704431,0.025203523891766864,0.028097920830106822,0.8754782599763962,0.03950795172691346,0.050484330068554364,0.9550726196700531
27_9,27,9,0.06546489663292963,0.09837336888994462,0.9394330342158013,0.06755374042744439,0.08248589145209731,0.9776721425751023,0.12732231265962124,0.14994585606409283,0.3929479668325292,0.14820399570147197,0.18187512749298368,0.589277018302127
31_1,31,1,0.02280805439194044,0.026842885323930265,0.9583926431328417,0.0134781347831587,0.016684002623903734,0.28615236698030455,0.017709907066027323,0.023460765495074695,0.9182059009858665,0.03230422986268997,0.04064296639547364,0.7587315458626454
31_10,31,10,0.028167001349565884,0.041309288152496695,0.9541694677233041,0.011434793681502343,0.015252983078772755,0.41062183896062243,0.02483089975396792,0.029757893293809526,0.9803344728137134,0.04244895830631257,0.057539257922270236,0.8802878001620992
31_11,31,11,0.03014756682092945,0.03861847954794146,0.9437333828494472,0.007053513043249648,0.009908821594223492,0.9233917243466989,0.026814801707665134,0.032092132623395137,0.7447859203529956,0.03979999859809877,0.057042269337774974,0.8441913135443266
31_12,31,12,0.014602002834578357,0.017474084818626782,0.9613429421687852,0.012127636115054291,0.015880320510028398,0.7415834204240601,0.013765535347101591,0.018967505636515693,0.9803378724518736,0.014777728580633802,0.01880399779384297,0.9270352134833839
31_2,31,2,0.026674311567209664,0.03647643819139692,0.9638767711355445,0.01933687891677022,0.026819500348623168,0.9534768443049085,0.02219511620566249,0.027861667822010126,0.9812078617566193,0.038493901851177216,0.04921767113340588,0.9610323899694657
31_3,31,3,0.024438259184360506,0.030462867616509234,0.9659884369559238,0.012495218732009334,0.014710229422827934,0.9280857797877753,0.021275982342561093,0.025446685808919643,0.972924926383873,0.021146095682779944,0.026401356759277878,0.9867920736689084
31_4,31,4,0.13718247026095787,0.15826793238929393,0.9093507024582466,0.02082773214705289,0.028080852977739754,0.9777040743756223,0.14281776345529903,0.1806548323835305,0.7509027060836511,0.21209144617637,0.26798509990305286,0.7632134809697708
31_5,31,5,0.039260768496245144,0.04789371980921567,0.9839788664801198,0.049065921700199445,0.07294064444565204,0.956399522549994,0.03299921104971319,0.04109903693666182,0.9896580940055664,0.06716793763319652,0.08758092101478655,0.941068967642826
31_6,31,6,0.09565346808144204,0.11464653345286921,0.9007734127532323,0.02478725162426631,0.03426640512450092,0.9105789840858429,0.12751282613368084,0.16803355013294455,0.8296206282068381,0.17813916427771248,0.23417532603495889,0.49283383027393246
31_7,31,7,0.366531824464798,1.253828176145663,-0.2981568030364572,0.03206859637625516,0.041911052558279156,-0.9428334137092986,0.3222098599282901,0.4278341042843015,0.6863305731027762,0.2064454860750832,0.7505974205641963,0.42029602433235647
31_8,31,8,0.03191808381542564,0.04460940785095339,0.9272010107665997,0.015632525992989543,0.022108632757698667,0.8898734604414629,0.02926609365324179,0.03420751796117815,0.987299759352164,0.054141932348807646,0.07007279222832356,0.9393269468426529
31_9,31,9,0.14343768503681753,0.21497694921353053,0.9028724205405688,0.05191616040363908,0.07782572174789405,0.8891731872422662,0.14338903946192313,0.17376841819100222,0.8934333598045656,0.18758661980946859,0.2559942823548404,0.6862795447552262
32_1,32,1,0.027035770524342858,0.037625294105484534,0.9789940231659477,0.012888498468399045,0.017303568146774827,0.9582734702460711,0.02504484356661017,0.03300810426186654,0.9695950906104748,0.036072373669942225,0.044690178179728667,0.9523459412220289
32_10,32,10,0.037281377550251786,0.04833688081024424,0.974420272943812,0.020709967543135085,0.025965248730823388,0.977605442859607,0.027200542445207632,0.033411235046622044,0.990761276177784,0.057305866077741,0.0787683397940644,0.8104312868001686
32_11,32,11,0.04720852769526342,0.057530730971572984,0.9793194459054437,0.029236880832711858,0.03735345920937702,0.9628731710117502,0.026282078729967275,0.03457211255417554,0.9746213584920913,0.0619299831755956,0.07764411817187708,0.9395520381487696
32_12,32,12,0.05012159396937426,0.07546358342737032,0.9863843018649225,0.01776651860704025,0.024133079270241383,0.8273895148372744,0.017557721114953358,0.022284960719000907,0.9041286548699564,0.10506079917271932,0.13601581966142004,0.9404503224993098
32_2,32,2,0.036750691484659904,0.043506207322868674,0.9530233852167312,0.024427038080294932,0.02942768356721131,0.9779951036117145,0.024013810071970027,0.029894069457569793,0.9879536117587733,0.05550234720985095,0.06537451164041483,0.8535269193963357
32_3,32,3,0.04044589866578579,0.04683936675972121,0.9835115506938945,0.022032582816133902,0.02609124492598629,0.9799621422865369,0.017122664248545964,0.025044065062425392,0.8036072823332434,0.05581285441557566,0.06286298059472294,0.9273716800026359
32_4,32,4,0.08068051714580507,0.11157624653018884,0.8932241545677095,0.022309214399307963,0.03272261258496432,0.9609688418166686,0.13361060357352095,0.15529577330188674,0.8538201608947196,0.15616229693730674,0.19680742694287154,0.713118738229787
32_5,32,5,0.046011290709376346,0.0529658806848784,0.9586553527099957,0.019354896802902217,0.026191910819542266,0.9546223469885933,0.03835420919977128,0.04922783614337038,0.9116175935703769,0.05821774030089378,0.06800482179990536,0.9738806601911314
32_6,32,6,0.08923786562403044,0.11818738174403315,0.9738722681752006,0.05711250328809023,0.08389004924475774,0.9838986035825371,0.12661306761691343,0.15792865386982194,0.8981042503189501,0.16416320181528732,0.20732161489773707,0.9761872662477771
32_7,32,7,0.02425345450637241,0.029329637300701775,0.9838389319093752,0.022774834076464176,0.02953972908389672,0.9788139670306804,0.030156152719147507,0.03804198541797604,0.9645091725994434,0.042862210481564196,0.05224834722007934,0.9637189091158025
32_8,32,8,0.05594373431454101,0.07829094782116959,0.944076708035009,0.036330617001851404,0.044410362897216,0.9783285298231778,0.026946916298195716,0.03468886808599462,0.991421592739075,0.07619216606775918,0.0872973291137646,0.897379513764504
32_9,32,9,0.10070715809916456,0.17339429959519728,0.8588457697132765,0.05508963145737847,0.06785411723679413,0.9698434375195959,0.1225965067256506,0.15601907556853833,0.27669392270475246,0.17864470026453338,0.24543015168227106,0.6627591857781451
33_1,33,1,0.027123856699342527,0.036471316757948936,0.9345918483588326,0.00850481064726909,0.010779964884591969,0.46904539825641844,0.046862945429484056,0.057587301598550765,0.792484267571322,0.041035834509531646,0.05384237789880612,0.928556330892504
33_10,33,10,0.044364771053989734,0.05771157311836509,0.9183780964877843,0.014253401711881159,0.02114983663768734,0.9582557189499264,0.03497785362089674,0.04374632623947348,0.9120108290353769,0.061452640859683355,0.08388370818377322,0.8824886341140771
33_11,33,11,0.0453269392862458,0.06421186615328715,0.9440078364073391,0.01882255186875661,0.025370574467660483,0.9475734927631498,0.03037325557601949,0.038655516526121675,0.9833186373548326,0.08136384841760001,0.11099836050039828,0.7983626592458305
33_12,33,12,0.05323047155575205,0.07683650905188705,0.9783467150021238,0.019001021818170944,0.025086732404562717,0.9021179675863404,0.03645238231917223,0.05913000199141663,0.8747155995605658,0.07237426436503729,0.09650491574166327,0.8972604203457052
33_2,33,2,0.09544395719115932,0.17493015937701772,0.6615280049154963,0.037786129698008306,0.06743361112664854,0.8133440915594452,0.05905000185330712,0.0779189793732586,0.8241837739977855,0.1231194825077057,0.15093336918659944,0.864173957331992
33_3,33,3,0.0523983296152701,0.06276975817242099,0.9258711442641261,0.04004124247469008,0.04696358908508566,0.985075546725323,0.03693448283195497,0.051693842646340867,0.9475172789153131,0.07916921671072644,0.09665065752884038,0.9720967267571566
33_4,33,4,0.4072059508631627,0.5972227654111254,0.9051370033607719,0.02777876184225082,0.03480232935708666,0.9580945009070736,0.13750629214366278,0.1770256807365587,0.8961760191713954,0.4197836553700764,0.5880154384849554,0.8682239245087763
33_5,33,5,0.05216293916776777,0.062314587409791185,0.9003786117776104,0.01993577650994062,0.026715850835397393,0.9729738614505385,0.049249285729726124,0.06000131942263338,0.8859949793835402,0.05745168642361959,0.0707402707267378,0.9630566060680784
33_6,33,6,0.196544621860298,0.2532903313804631,0.8277451621795348,0.05188948168387016,0.06647854783748627,0.9510611697326441,0.1357072488924054,0.1633538945946072,0.8145774290007368,0.2587732624737422,0.3303640407151061,0.4821945379649153
33_7,33,7,0.04033206741020083,0.05484146019569315,0.9128912547688384,0.013487933788001534,0.016890555127800615,0.9712078280679567,0.03748283752759298,0.04429823130173625,0.895448016716103,0.05078701629161834,0.0672507921193438,0.6841512719131435
33_8,33,8,0.03886728747669607,0.050072606713038134,0.9000424664940103,0.018137896402478215,0.022329473888462403,0.9695339529956207,0.02833153528829415,0.034869633829881626,0.9878958875662944,0.040409661351442326,0.051032667995909935,0.9415421335849578
33_9,33,9,0.12408142673869929,0.14582450633488572,0.9346473323667241,0.0524326128106316,0.06647375609911789,0.9677108748687481,0.11994254901745123,0.14364245606148388,0.653146620897715,0.14638665908654533,0.18991113671448362,0.6311587884646597
35_1,35,1,0.056507563243011635,0.07255640232058111,0.8331266267518381,0.021591378605415427,0.027216912170179436,0.9527253931163053,0.03617321320215861,0.04441617287177964,0.9483827655018204,0.09625077348152795,0.12291913595435894,0.8527988327632117
35_10,35,10,0.013541202409211545,0.016966020860857012,0.9508616328106527,0.0233428297739476,0.028860026355554173,0.9800378681998887,0.008355974277655283,0.012284881378460266,0.8604403415703485,0.034468944133917497,0.043557368751852295,0.9731430941351693
35_11,35,11,0.02933496620501081,0.03962344809836119,0.8792064910004992,0.03051018801502884,0.036420373329690385,0.9769319435895454,0.025443429282506307,0.030825349961574416,0.7728151938884404,0.04168278326829276,0.054185945216761726,0.9483280213437615
35_12,35,12,0.047009631778549714,0.05837266165302792,0.8581249036635419,0.012721833902945123,0.015932950302003895,0.8934653137417929,0.02655300072446465,0.03130392462854683,0.8295566767449264,0.058576815993785857,0.06939419771091151,0.7170826972990564
35_2,35,2,0.035806929641645405,0.04567706774313066,0.9398722238812145,0.021342806279957292,0.027622437781677972,0.9247694414901276,0.03865098774234454,0.04712032330697618,0.9582850073738434,0.04741378213683765,0.06009088752723649,0.962495084399879
35_3,35,3,0.03211575997399942,0.05231686858235546,0.9069611894716173,0.022353437770952778,0.02773790550129017,0.979727067962278,0.016030402153333033,0.020456626399832575,0.9336300265093963,0.04872478084087372,0.07097286089293682,0.9248018537993629
35_4,35,4,0.29485401290103785,0.4140843549377281,0.8521311251867315,0.05719818241278331,0.07057379255573495,0.9450819127194975,0.16484858714669942,0.20344907191137748,0.8121337468982636,0.3635061729510625,0.5137327760076573,0.8433383293135361
35_5,35,5,0.03508835712999105,0.05151127610248028,0.8493203230962768,0.026778217885345217,0.034986574259552164,0.9526599159669618,0.020790278790791823,0.027003289641167973,0.7284337111356306,0.03493010296185812,0.05630504283340044,0.7776246718002718
35_6,35,6,0.21346042743265628,0.33288729732209005,0.8107432561112964,0.048343148412903145,0.06264232112044402,0.9641326622329874,0.13387057085643211,0.1681902292483761,0.4491386840919698,0.26631527326742804,0.42289158398145615,0.4776428727904649
35_7,35,7,0.018254936135454723,0.023583621656666106,0.9337784180598019,0.020505688118586936,0.027230173466285923,0.8795060225149112,0.0233049191737175,0.02666866860204275,0.5809996961099957,0.033229352698326095,0.04136817759133654,0.7174630573491614
35_8,35,8,0.039068982852200666,0.04935185165388542,0.8376627745449502,0.022148784477214023,0.028269807065134375,0.9743905701294756,0.03183395922342936,0.03740024051130307,0.6993273275702577,0.03992639370441437,0.052061780323085234,0.5695497862676026
35_9,35,9,0.15004982387555144,0.22964529408597856,0.688420598189801,0.02854895007928213,0.03664497226899132,0.9311080976433932,0.14713436784937978,0.1888635000256258,0.9027807949102143,0.22688952530225112,0.2942900563776781,0.3778533497387918
37_1,37,1,0.022170411399503553,0.026671736112671034,0.9628642255225267,0.011185482406516869,0.014826945000503052,0.8491473129163579,0.022249282828966776,0.026638067792327517,0.9047181060207397,0.022479173873265583,0.029845182182400905,0.7704194693619812
37_10,37,10,0.03538023731852571,0.045876637585523246,0.9878486293488737,0.01702803236951431,0.022295828101801765,0.9073371352296085,0.024572646539111932,0.03090563774882794,0.9558013586235803,0.0529514333041509,0.0659399116858922,0.9429348083680695
37_11,37,11,0.03366502644906442,0.040703254639389404,0.9183857010329249,0.03146461853690445,0.04488649623307455,0.9270021008328557,0.02497698671102524,0.03190842812355358,0.8889820801524645,0.047287644882202155,0.059249994022468236,0.7463532359535346
37_12,37,12,0.011299825564026833,0.01438609284159809,0.9340461439849266,0.007984896762321394,0.01055273479886554,0.9797281137103027,0.013441125922302405,0.019035571591498848,0.8147364961625359,0.023719240640004472,0.02923333044445958,0.9503387720776293
37_2,37,2,0.039504610899637145,0.05180706651494335,0.9671012615798752,0.016959655806273222,0.02314327151124157,0.9536259590874641,0.03897999652703602,0.0449588026992593,0.9045147345716035,0.06789989419301351,0.0883197349829798,0.9516753136982846
37_3,37,3,0.023612513549154005,0.03027942553275924,0.9570315657995866,0.014842523728509744,0.02057148331086226,0.8279410388078533,0.020656156218846644,0.028107921678685116,0.8679541585795013,0.02852093525568644,0.036467248552580975,0.8273848723997349
37_4,37,4,0.08945815316336851,0.11186446275313969,0.9218521607294581,0.026107290109644334,0.03392209534166659,0.9657649045353561,0.1228844051551819,0.16475933105016619,0.6217038234949119,0.14069952273368833,0.18069845123123238,0.7856704586449319
37_5,37,5,0.02834215965865238,0.03897432213517893,0.890134365344105,0.020109693549225725,0.028086892717769155,0.9417765828185782,0.01702890349507332,0.022787345386144017,0.9028988077127702,0.04183494524319967,0.05493880548325603,0.7987810989243338
37_6,37,6,0.1457784303358818,0.2316811752284565,0.7697786203849244,0.10768181844748555,0.15201782245542594,0.9444064204936562,0.13024572694142658,0.173777622250714,0.7545871973108182,0.2074567606290181,0.2693992112648353,0.8072349460632169
37_7,37,7,0.011642777928287783,0.016038202779591313,0.8458746380518831,0.009651937274237474,0.014886782577164671,0.8928990934559072,0.011784261687596638,0.015257716353134786,0.8083743783299134,0.018291856610774992,0.023203681255149888,0.8541372763518369
37_8,37,8,0.13483347718914346,0.3598845479494377,0.7284629588822914,0.050780218216180804,0.05802109624630655,-3.241234047129919,0.14383866777618728,0.41232903000589755,0.7385847627541478,0.20044840353488919,0.7286814337715667,0.709864729327108
37_9,37,9,0.08479654996053626,0.10385994865284504,0.9021692959584712,0.053594323005775615,0.08520722543548276,0.9038497509220673,0.11160833666205404,0.15088988215195764,0.7576847210089761,0.15677941213766736,0.20043225194640715,0.7287373966952428
38_1,38,1,0.10544819217522941,0.22206599697268442,0.8447502456877557,0.07106446643993646,0.11076556678816527,0.9252993622314847,0.03028830327361822,0.03347850802061415,-12.779920915749805,0.09167767769495647,0.16196369585329426,0.676691890645595
38_10,38,10,0.06094774539947509,0.10050549542597827,0.7566650221362562,0.011937055561542514,0.014659337319401555,0.8577099239936307,0.04560598295847574,0.05997077354332753,0.978360960613275,0.08946482822418209,0.11765652321610803,0.9356710346094919
38_11,38,11,0.044313323497772214,0.049303905620803425,0.0,0.10488261300288142,0.1397329142157168,0.9062272687025084,0.09857154054005939,0.12258978719778321,0.9701891501017164,0.12458275988260907,0.1509041302008256,0.9580450721106883
38_12,38,12,0.04882266470591227,0.05079072037224278,-50.10145524371607,0.02472713122377793,0.02938981310861809,0.9744915634126472,0.07715638737996416,0.11203874898805107,0.18658752491885444,0.06718219121297198,0.0780060514797241,0.3778934498734007
38_2,38,2,0.08869529680510362,0.13720097804945444,0.9581460716643829,0.02162286779741446,0.03465764916739614,0.9736091534893674,0.0458746005276839,0.05369507292618484,0.9567436569428334,0.10536356104056038,0.15045157356347896,0.9433339540598868
38_3,38,3,0.07262317173639934,0.08934130370627749,0.9554329542132473,0.019389537158608437,0.024167226419261542,0.9438121800507896,0.04264187633434933,0.05348255172484193,0.86998435597558,0.05509574939727783,0.06779100859426745,0.986432377769165
38_4,38,4,0.06853219433883825,0.4031885923484535,0.9165644901226639,0.01456256889979045,0.040553328213734925,0.9205100244112217,0.05517982934698465,0.2928909988633345,0.9175923362777381,0.18219930581887558,0.722752536278057,0.9128464739443832
38_5,38,5,0.08721541475216547,0.11129526642892096,0.9881245234622688,0.029496328832705823,0.035128857590174374,0.9913138635774891,0.07994725082476933,0.08959012829663801,0.9479474338417849,0.129909420208931,0.15375151579775387,0.992470048061549
38_6,38,6,0.15684085696796576,0.19521888888336406,0.9927308024601038,0.09243195068011681,0.13759152623985446,0.9278384669226899,0.14567889708444476,0.1730680517717292,0.8462772158948013,0.20432626540184018,0.2532126301185395,0.940632104641067
38_7,38,7,0.09833046128590903,0.162982929322369,0.7508854943272881,0.02453883005191882,0.031000224010361715,0.9576807867056264,0.1120018666267395,0.1347730950490501,0.8216437459324466,0.1531777162933349,0.1978801440603168,0.9089794023343002
38_8,38,8,0.24961027771313984,0.7151810905554982,-0.04539022287431371,0.04993564728252589,0.05676671220972653,0.9201423314354717,0.1307934688699245,0.18995756183758977,0.9889139230860603,0.19491909045537317,0.37409223117640383,0.9023169547706418
38_9,38,9,0.06036681334177653,0.06219685406648416,0.0,0.06717667237202327,0.0981858620455131,0.954557227217021,0.12587088909149166,0.16330668369780685,0.5412029203346793,0.1649641561381022,0.19714588560004082,0.8642230377009028
3_1,3,1,0.03623984558880329,0.04604625474945871,0.9614404665655564,0.02133081270287434,0.027741787026650484,0.9536107790051314,0.01936000308990479,0.023060850793566297,0.9345170266985071,0.05370621188879013,0.06722978328579904,0.9398693834827178
3_10,3,10,0.02367684385384122,0.030734332300926776,0.9748548669128178,0.0296067002771298,0.039089021563713376,0.9823093459503934,0.012413963972305259,0.016075285424211258,0.90746761994908,0.05633842966397603,0.06359131438778226,0.9113082492073039
3_11,3,11,0.04082898737917343,0.050726063287528766,0.9848131555489481,0.01623872040182352,0.024103113981564794,0.6371598094523955,0.02184660596666237,0.027037896772052854,0.9105874938207701,0.05933050067583721,0.07456046586611069,0.827221052682833
3_12,3,12,0.03835795603990556,0.046565257193917145,0.9562664257747945,0.014711804024626813,0.021173687540566557,0.6530326234656672,0.030011089064280197,0.03542686717940628,0.9352607956710048,0.03764318859418234,0.05197543586489685,0.8976486735335008
3_2,3,2,0.08718337721019984,0.11056725047095292,0.9761018715871049,0.032872155516445636,0.042414771572283176,0.9630553225645407,0.047752202907738586,0.059323560861915654,0.9655255555377485,0.11197042914628981,0.13546385394304078,0.9298364936699031
3_3,3,3,0.04388443335212999,0.060195312335150714,0.9683655912849435,0.019179536377191542,0.022963716823472306,0.9822780222352829,0.019503590203188356,0.02532708171579541,0.9723340489042754,0.07413048955122631,0.09460204225869909,0.9501862173827379
3_4,3,4,0.05924529342328509,0.07910632083100967,0.8530897418020444,0.0690533121551325,0.09234730999916882,0.8983895237446495,0.1309555870436008,0.1727031109801768,0.870584008575373,0.1934261774977048,0.23220697770715662,0.8099870185445412
3_5,3,5,0.06277538367242862,0.07649695622293078,0.9723509088685139,0.06267803769408414,0.07664179430823372,0.9700990673145966,0.039809183755926784,0.04832982500299288,0.9629388932466959,0.07855575198332468,0.10288638875178471,0.9526804058066523
3_6,3,6,0.10710395048340163,0.1436992014597794,0.9214454452102597,0.10787227557233223,0.13291712570807138,0.9254942965736945,0.12560022808273633,0.157207019123148,0.7882045330760399,0.1958757162928581,0.24943292436424247,0.8043635839993263
3_7,3,7,0.04055353318206967,0.04943810066652258,0.9310533614042331,0.020075350648065413,0.023142282697043354,0.9787532929293185,0.022146613886356355,0.02684965661142555,0.9379663586642247,0.06634296784559886,0.08205148124646795,0.845604192529142
3_8,3,8,0.02802714882985068,0.03897067422957149,0.9651141959897049,0.016962766554951665,0.021135136068490497,0.8632081376381758,0.02144711237331231,0.027324657868881774,0.980493593277726,0.041153508477211,0.05165319202603049,0.9620533195883707
3_9,3,9,0.1772073242024084,0.24787554226115288,0.9100123926441324,0.14727531903058289,0.19747538276247545,0.912030871980656,0.14244341236591337,0.18402784939907463,0.8671930067678107,0.2407018994617462,0.30521046202036994,0.8933889425476764
43_1,43,1,0.0257088218486309,0.03729911175986439,0.9369760928298806,0.059555314282576245,0.07640587751054106,0.954530843765925,0.033158848371903096,0.03762286466621952,0.5476950584468796,0.06308429201920826,0.08122090531436618,0.9500607679404357
43_10,43,10,0.04466841746348886,0.05713409411025532,0.9762502075946857,0.021301087858080867,0.027463857372831857,0.9808677302493606,0.03069161537488301,0.04016054328574591,0.9369511265989001,0.05143698279380796,0.06780310022109666,0.968552601612411
43_11,43,11,0.11514059691443107,0.13807318147410583,0.925564039208689,0.1309533140873412,0.17885398586231915,0.98083032899277,0.06314752884189287,0.08222058907353481,0.9586205661027767,0.1787148433335622,0.23253599283804507,0.9549700608250127
43_12,43,12,0.07149571991682052,0.10008140469872709,0.9569116616556969,0.02320104223092397,0.031187352528527,0.9289802373224498,0.08399177366502583,0.10345859861210033,0.982955367935076,0.11023323030471804,0.15636532138685222,0.8941479372487807
43_2,43,2,0.03914868434270223,0.04492204949807732,0.0,0.08282202315072218,0.10855212712715535,0.974034025978252,0.052087396965436634,0.06197096490511916,0.8931588956824686,0.140337422358195,0.17281619255410913,0.9040107188126076
43_3,43,3,0.05815071716139714,0.07168821123065929,0.959018374940438,0.0347786783442398,0.04559171605355543,0.9876303320823968,0.0290131075823307,0.03721581628098924,0.9543332175281779,0.06777413709481557,0.08989353534714796,0.9597465611604751
43_4,43,4,0.2195613107438882,0.2854439923383359,0.9850561820615519,0.41361796936035156,0.45210229175630473,-2.615904246556659,0.21931431807550916,0.2582763583789031,0.9445313622569731,0.3625090779940287,0.43511917879669293,0.8492050964339635
43_5,43,5,0.09974511733668545,0.12559463118329345,0.8918196558649396,0.0400073238680015,0.04979395198523048,0.9857695351437578,0.05083848062324028,0.06476843602498335,0.9389411446420245,0.13077910355965294,0.1961903253544252,0.8058012029557411
43_6,43,6,0.21626090611219412,0.3062157583229988,0.8288321490401682,0.15398229970584318,0.1892609071598676,0.9748159742117847,0.17099317642529804,0.21852841645522214,0.9457495145559098,0.30556233103275304,0.39739273238193057,0.8784939252972694
43_7,43,7,0.12339455875158307,0.15858341197856293,0.9698091505815197,0.031510061949739855,0.03743389741131283,0.9901911842506693,0.04701248901794354,0.06510670006157476,0.9269814887930123,0.11537907391866051,0.15760694623875024,0.9477417765226742
43_8,43,8,0.007482945296224206,0.009602865915126976,0.9438078191316273,0.026872965820183357,0.033792501113513916,0.987758346358947,0.010258671601914491,0.012421670041256123,0.357586522379145,0.038412126284440365,0.047119492125808134,0.9751577581122248
43_9,43,9,0.14702248806277912,0.21486586976031555,0.9429599596004603,0.1742379309336345,0.2597651336939425,0.926132179986006,0.14068194695234298,0.17408168919149442,0.8334133386935394,0.22092383236249288,0.29813306859508587,0.9515930010126091
4_1,4,1,0.09274805019597214,0.1123552615487441,0.938285937273202,0.02375151221697529,0.02746327602074886,0.9703254271787112,0.09046488504740098,0.11017317261971832,0.9500394181953086,0.0830015275335312,0.11119093631999699,0.9593669884909899
4_10,4,10,0.10348517109195393,0.12312658189620067,0.96780965813766,0.08397149889628094,0.09537692233582165,0.9590692050764955,0.05705272661431383,0.07228587172090196,0.9176062937644969,0.14922454228401183,0.1861471087845507,0.8784712895603406
4_11,4,11,0.07825214713528753,0.10335562410260112,0.9600291802045408,0.023613915210788445,0.03092248582769958,0.8807223729913167,0.04216585925827423,0.059315143613982324,0.9596140529242888,0.08994408088366189,0.12776622114277514,0.9142551265311128
4_12,4,12,0.04063995499134065,0.05054705003306974,0.9437975173527651,0.01372251281261444,0.016875930986895642,0.9404515842100037,0.03078409998893738,0.04271627501070754,0.8130409486399793,0.06431511956214903,0.08271195880624414,0.8783389268003403
4_2,4,2,0.057320720009356736,0.07349993076578125,0.9817817718784654,0.031722438180347284,0.04151945606197929,0.917154932972368,0.0290269479155199,0.03713708483166889,0.9200109663839731,0.0696089263010025,0.08471459459984644,0.9207858667919719
4_3,4,3,0.1245286420441667,0.15745178466133994,0.9888356052274734,0.020082053613414367,0.023414763190174232,0.977503089948734,0.06594413209619622,0.08578786259987664,0.9242830458157613,0.15372859406709674,0.22239693161534327,0.9124123065817005
4_4,4,4,0.2350272147185852,0.3633748080313636,0.9379994955155392,0.09203054487148922,0.1323843474748578,0.9758573579269888,0.15558660590410237,0.19972866285371021,0.881461945750571,0.2881029161135356,0.3977942462652761,0.9368738074163349
4_5,4,5,0.11499251488546529,0.14611883747604398,0.958031253136503,0.05210504641105731,0.06475845281903905,0.9448526888539821,0.08736635386074583,0.1244024174841603,0.9493862765476581,0.18555469561060273,0.24389173434819642,0.9340196446156529
4_6,4,6,0.21061122751633327,0.2508920982716523,0.9381794232856966,0.07954438139647246,0.10349332953676159,0.9466663161018452,0.13370686093012493,0.17037979605105533,0.8189814154052337,0.251842416378657,0.32054616185173745,0.8666310251281836
4_7,4,7,0.08455711856404942,0.1022925375714645,0.9830398334359367,0.013368083257302639,0.01672328795959081,0.7608042173834073,0.07337114972194038,0.0922854599786124,0.9227086633631435,0.12277783427556356,0.14624536141354066,0.9548673795244746
4_8,4,8,0.05332030821740628,0.06528646251759514,0.9293335582064746,0.01744978651424249,0.0239031305324299,0.9641143640452363,0.03417241748996079,0.04234907271493518,0.9082404951666221,0.0614552634636561,0.08307347942904886,0.8301842048773006
4_9,4,9,0.18940612821516273,0.283319525078888,0.9123197362312067,0.07524271157066027,0.08670459166428864,0.9648508180415872,0.16848390942335129,0.2159958976752209,0.7110833732476453,0.25428554884274795,0.3369330566941646,0.7611294361097022
5_1,5,1,0.028176796584129336,0.03714412737811321,0.9744737118699662,0.009214054810206096,0.011083821226602831,0.9175359224271599,0.03326378013123758,0.03933020290765275,0.8899431575123802,0.03564400089899698,0.04722082864023126,0.9683905870866235
5_10,5,10,0.05504141527396937,0.06711245453250846,0.896030506186962,0.014228271926244101,0.016834355910480943,0.900069122871982,0.028119684654921297,0.03615891256098493,0.98166780423146,0.0760852840781212,0.09547451203819783,0.8201762577713931
5_11,5,11,0.05523411473967135,0.06866684171199028,0.9426489106387879,0.054446506761809184,0.07575153853502013,0.9791570171599016,0.04173884502895177,0.05029213895949387,0.9458094987608187,0.09787753137111664,0.12097147801125008,0.944255157770736
5_12,5,12,0.028173823634882765,0.03306374744720294,0.9749142014108086,0.013783095119198162,0.017529741475110616,0.9793456528991002,0.019503932022253662,0.023855918853655865,0.948148866275678,0.020695390144983932,0.025412932277964612,0.9733669001046892
5_2,5,2,0.0697575052579244,0.07608104638746561,0.0,0.03471123492097482,0.046212567583386474,0.9860307818399849,0.20941102096835776,0.2359050567012436,0.9717986378390191,0.2615178044891358,0.30077775578986815,0.9325881060313858
5_3,5,3,0.053652909329732275,0.07268636874645316,-1.6035832196083062,0.06833363278309504,0.08294363644967083,0.9576654391127246,0.12506121945063273,0.14372210493279025,0.6372905303620764,0.09157808245340979,0.11873205324551765,0.9604394118553058
5_4,5,4,0.16992125352352858,0.3441366171025261,0.8929689507914753,0.10793364898920059,0.14513771637634518,0.9189163177786566,0.17159137492815646,0.2204010428590279,0.7696409032568965,0.23750499750773107,0.30689429460650025,0.5325467317205572
5_5,5,5,0.0799513376657789,0.10006851037084304,0.8976989193009741,0.042537633354117484,0.06387235901803978,0.9852512119542235,0.03426843810170888,0.042111911109955526,0.9778038739039636,0.12726877558509508,0.1668058336391366,0.9600936759363065
5_6,5,6,0.2494743333082646,0.3252843560652961,0.8761549022004643,0.058010177654723334,0.07750778866814895,0.9811815722684373,0.1379657631826401,0.17792074216462825,0.8885611943189448,0.2520244263966879,0.3664398051348281,0.7428333665382946
5_7,5,7,0.028385713771631318,0.035072029066461154,0.9638654519644534,0.010446424541076025,0.013148565167968921,0.8679181544165164,0.025890122133493416,0.030189420274098756,0.956360535705028,0.025635544525782258,0.030784964075609978,0.6389184351090496
5_8,5,8,0.026789334365481823,0.03383510777456917,0.9634744758237374,0.0169342762461553,0.02334166587247413,0.9483140715591135,0.022396540373166404,0.02843903033834336,0.9290172379455343,0.031163928793271376,0.0377256219138433,0.8879707984650902
5_9,5,9,0.18933990893850725,0.27106846493822473,0.8765609153669811,0.3394582104917243,0.40441215720189105,0.9456024538167133,0.1503354902284965,0.19130085515529535,0.817144040090146,0.2974598922363917,0.37264551263580753,0.8734433162962965
6_1,6,1,0.013980766069591043,0.017970838110589353,0.9284061216240374,0.013652716383536656,0.016922236667392905,0.8787968712866312,0.013403718867699307,0.016627715047109148,0.7937183356449993,0.025784326870441434,0.03191154463551443,0.9062107549503666
6_10,6,10,0.02501825782562916,0.03742003550819464,0.8323148763039854,0.012020906198620793,0.01565189210737547,0.9311203230438424,0.012596197874546054,0.016899810471213406,0.7551233742640397,0.038500836656888325,0.05463614931323026,0.8187896580017581
6_11,6,11,0.016179650505763324,0.018324321489034318,0.9485902919316489,0.021665958775679273,0.02768000642533037,0.9614067524266514,0.014076479775545497,0.017013941935631334,0.9550936784011533,0.03302344704945882,0.03997840106008291,0.7548272262369555
6_12,6,12,0.0161386697069897,0.019723073190297744,0.9373652543052159,0.008914038684566812,0.010395533513936213,0.5998309416806268,0.01802157489975293,0.025006780612224618,0.2730507405449667,0.02313599503358205,0.027176527303229142,0.7729394518453198
6_2,6,2,0.022670337040548525,0.0303469012594053,0.9340677947868081,0.01922930306235949,0.024085033612985033,0.9785878604636475,0.012697969175179801,0.01604916337946557,0.8514581141804604,0.03310943044185637,0.042647949746021874,0.92246371825467
6_3,6,3,0.021811109201352423,0.027441952044954865,0.9167056216423327,0.009888055965900422,0.010789109230795695,0.8935007216511617,0.015539152071475977,0.01973483649164254,0.8336072673887424,0.021824633479118342,0.02866396637093401,0.7390949234352845
6_4,6,4,0.07630301188101372,0.09892770865900945,0.9585737552255175,0.06300376587204634,0.08845706240205546,0.9851691960319451,0.12341361009318381,0.149000147141864,0.842680360505847,0.1515437566200892,0.1894741310220343,0.7739948745016338
6_5,6,5,0.020264573077509798,0.026679266225381908,0.979104240402775,0.017983443459446233,0.022537401045419975,0.9577689409281096,0.015956057245184983,0.0202154643415057,0.9870734822233926,0.028951805232365926,0.039333458883048324,0.8048745945304725
6_6,6,6,0.12307528990890985,0.17646435572563016,0.8876142824918397,0.06315987995026011,0.07542837878105083,0.9426773788031951,0.1407081879182657,0.1668378032609413,0.6847520851567177,0.1729409915558497,0.23313587137003103,0.869822162387006
6_7,6,7,0.02405272311306558,0.03118063582703619,0.8591469907469185,0.015125353789776563,0.018477728874445352,0.8342109235236437,0.01992124310354391,0.024761416725470126,0.8084575815293362,0.036100501050551737,0.046119543271343384,0.7901416476369028
6_8,6,8,0.019342014472248654,0.02613815366203698,0.9214774713983659,0.01417403906504313,0.0193890525700737,0.9671247447490943,0.014915473608970643,0.019787277063340745,0.8594505531852414,0.03975048224369685,0.04802686945984295,0.9027982855843366
6_9,6,9,0.08069375531761597,0.10224191459948725,0.8977339896208325,0.05789442823331804,0.06551613896687736,0.9651561580294098,0.13178040641069413,0.16087690776935876,0.5252709667603082,0.15778116220633193,0.19631581252168143,0.7603800965766428
8_1,8,1,0.2618296115292112,0.4599991105522797,0.9548246964237761,0.03641460774755726,0.048939014827808915,0.8887630701027383,0.1109710745690018,0.1347453832385696,0.932616931615527,0.31878068842411034,0.5099906958918652,0.8129668737911647
8_10,8,10,0.03585072349516054,0.04783879965394373,0.9781080029182978,0.01509499676644802,0.01914268763104395,0.8491220454472599,0.01882387784704566,0.023041187486632732,0.8960364243723883,0.05597888236323993,0.07697341354500045,0.8857512371027884
8_11,8,11,0.017196746336656313,0.02422647367754506,0.9633197719541414,0.05171237426482141,0.06177624478612109,0.9791984656385953,0.01412269517556764,0.0167944014735753,0.6743642734917321,0.056471339177290594,0.07189791959787764,0.8799928181370305
8_12,8,12,0.029060630057503777,0.036517224285256965,0.9768637148635031,0.01849927885055542,0.022755655147484264,0.9803790509723593,0.017092241527060202,0.020323296155518675,0.9195013328667822,0.028994292581081393,0.036906351645140646,0.9702250395533618
8_2,8,2,0.054224767449547844,0.07044750208818258,0.9897252065520813,0.029823601829955977,0.03949291669411395,0.9552784498087323,0.02719846730605389,0.03341814028890338,0.771234067915694,0.049221551780700694,0.06412403762611812,0.9881152075268308
8_3,8,3,0.035684292084376026,0.042486669757990626,0.9741558313775464,0.032350835130711394,0.045709851373589155,0.950641244093723,0.016002378915399313,0.020454695835350502,0.9119714116759624,0.044259990259806314,0.06326590289354526,0.9222877640874734
8_4,8,4,0.252046176353991,0.37807507669847756,0.9376253165480803,0.12311698343979817,0.14765367806539537,0.9687110974983529,0.1510751794844121,0.18770589548444794,0.8447062229267789,0.32286943866252904,0.46743931528369403,0.8940674050052491
8_5,8,5,0.01628352916783653,0.023876413731628892,0.9689591773544085,0.023848507732699312,0.03119461302407142,0.9554275949956583,0.00964813099509726,0.012948417332918747,0.6342646082522971,0.037564424467881524,0.04589846708227235,0.8830586989873082
8_6,8,6,0.11362919676701227,0.13943049454396814,0.9704740666228504,0.06330505232522886,0.0854333241123189,0.9740923373939989,0.14845569521576166,0.1892590791574667,0.578013435737905,0.1795628957247734,0.21520812969964945,0.94610789111871
8_7,8,7,0.047609459284693,0.05942754182790969,0.9722764074422389,0.019817156038930014,0.024277434470016495,0.9804323470088943,0.03624261878410975,0.042786349834849614,0.9004879377572169,0.058981495695114135,0.07279888975905044,0.7926261024695886
8_8,8,8,0.015183956161861616,0.021682607430562176,0.9774053738752967,0.02021191445748011,0.027476208490111335,0.9598166533696382,0.01273191679570203,0.015839720860982478,0.49083282895466873,0.03143198527137439,0.03826745654330011,0.9737365437826573
8_9,8,9,0.17157999970038731,0.20148214519929444,0.961552240669354,0.0438758821696043,0.05285536678593714,0.9725331796288567,0.1508155123658975,0.19049700969390423,0.8586006088400049,0.2628106484635671,0.33399985332363313,0.9001168308874526
