time_dn,glideslope_error_deg,localizer_error_deg,airspeed_error_kts,total_error
738465.433292191,-0.107,0.0732,-0.9829,1.1631
738465.433294256,-0.1086,0.0723,-0.8853,1.0662
738465.433296371,-0.1104,0.0713,-0.8263,1.008
738465.433298652,-0.1129,0.0695,-0.7864,0.9688
738465.433300861,-0.1153,0.0687,-0.7647,0.9487
738465.433303107,-0.1182,0.0678,-0.7516,0.9376
738465.433305117,-0.1212,0.0665,-0.7444,0.9321
738465.433307344,-0.1246,0.0648,-0.7377,0.9271
738465.433309727,-0.1285,0.064,-0.7302,0.9227
738465.433311709,-0.1324,0.0628,-0.7209,0.9161
738465.433314064,-0.1368,0.0612,-0.7063,0.9043
738465.433316031,-0.1409,0.06,-0.6895,0.8904
738465.433318311,-0.1455,0.0584,-0.6658,0.8697
738465.433320682,-0.1506,0.0567,-0.6369,0.8442
738465.433322727,-0.1553,0.0555,-0.6095,0.8203
738465.4333251,-0.1606,0.0539,-0.5763,0.7908
738465.433327127,-0.1652,0.0529,-0.5468,0.7649
738465.433329173,-0.1701,0.0518,-0.5168,0.7387
738465.433331222,-0.1749,0.0499,-0.4875,0.7123
738465.433333276,-0.1798,0.0488,-0.4581,0.6867
738465.433335565,-0.1858,0.0472,-0.4235,0.6565
738465.433337803,-0.1911,0.0456,-0.3905,0.6272
738465.433340112,-0.1969,0.0439,-0.3562,0.597
738465.433342361,-0.2026,0.0421,-0.3233,0.568
738465.433344637,-0.2082,0.0405,-0.2903,0.539
738465.433346856,-0.2136,0.0389,-0.2585,0.511
738465.433349376,-0.2193,0.0366,-0.2248,0.4807
738465.433351685,-0.2244,0.035,-0.1954,0.4548
738465.433353673,-0.2286,0.033,-0.1706,0.4322
738465.433356029,-0.2334,0.0315,-0.1428,0.4077
738465.433357993,-0.2372,0.0305,-0.1207,0.3884
738465.43336028,-0.2414,0.0279,-0.0965,0.3658
738465.433362463,-0.2452,0.0262,-0.0742,0.3456
738465.433364726,-0.2489,0.0246,-0.0526,0.3261
738465.433366976,-0.2526,-0.0229,-0.0317,0.3072
738465.433368978,-0.2557,-0.0209,-0.0143,0.2909
738465.433371244,-0.2591,-0.0194,0.0056,0.2841
738465.43337342,-0.2622,-0.0178,0.0233,0.3033
738465.433375626,-0.2655,-0.016,0.0407,0.3222
738465.433377865,-0.2683,-0.0135,0.0577,0.3395
738465.433380082,-0.2713,-0.0117,0.0737,0.3567
738465.433382324,-0.2739,-0.0102,0.0896,0.3737
738465.433384464,-0.2766,-0.0074,0.1042,0.3882
738465.433386704,-0.2791,-0.0058,0.1188,0.4037
738465.433388886,-0.2815,-0.0041,0.1326,0.4182
738465.433391103,-0.2837,-0.0015,0.1458,0.431
738465.433393382,-0.2858,-0,0.1591,0.4449
738465.433395559,-0.2876,-0.0026,0.171,0.4612
738465.433397658,-0.2895,-0.0045,0.1822,0.4762
738465.433399847,-0.291,-0.0071,0.1929,0.491
738465.433402032,-0.2926,-0.0088,0.2033,0.5047
738465.433404236,-0.2938,-0.0114,0.2129,0.5181
738465.433406481,-0.2952,-0.0131,0.2222,0.5305
738465.433408708,-0.2963,-0.0157,0.2308,0.5428
738465.433410966,-0.2971,-0.0172,0.2388,0.5531
738465.433413219,-0.2979,-0.0199,0.2462,0.564
738465.433415492,-0.2984,-0.0223,0.2529,0.5736
738465.433417766,-0.2988,-0.0248,0.2591,0.5827
738465.433419985,-0.2992,-0.0265,0.2642,0.5899
738465.433422268,-0.2994,-0.029,0.2683,0.5967
738465.43342451,-0.2996,-0.0316,0.2705,0.6017
738465.433426786,-0.2997,-0.0342,0.2709,0.6048
738465.433429142,-0.2994,-0.0366,0.2692,0.6052
738465.433431406,-0.2993,-0.0392,0.2658,0.6043
738465.43343371,-0.299,-0.0417,0.2607,0.6014
738465.433436047,-0.2987,-0.0442,0.2541,0.597
738465.43343831,-0.2982,-0.0467,0.2465,0.5914
738465.433440579,-0.2979,-0.0484,0.2382,0.5845
738465.433442927,-0.2972,-0.0509,0.229,0.5771
738465.433445214,-0.2965,-0.0534,0.2193,0.5692
738465.433447515,-0.2961,-0.056,0.2092,0.5613
738465.433449715,-0.2955,-0.0587,0.1992,0.5534
738465.433451977,-0.2947,-0.0612,0.1888,0.5447
738465.433454145,-0.2944,-0.0631,0.179,0.5365
738465.433456469,-0.2938,-0.0656,0.1688,0.5282
738465.433458768,-0.2936,-0.0683,0.1588,0.5207
738465.433460909,-0.2933,-0.071,0.1495,0.5138
738465.433463135,-0.2931,-0.0736,0.1405,0.5072
738465.433465396,-0.2929,-0.0754,0.1319,0.5002
738465.433467412,-0.293,-0.0784,0.1241,0.4955
738465.433469801,-0.293,-0.0809,0.1157,0.4896
738465.433472207,-0.293,-0.0833,0.1073,0.4836
738465.433474213,-0.2933,-0.0853,0.1007,0.4793
738465.43347621,-0.2936,-0.0874,0.0945,0.4755
738465.433478204,-0.294,-0.0905,0.0886,0.4731
738465.433480174,-0.2944,-0.0925,0.0832,0.4701
738465.43348246,-0.2951,-0.0943,0.0772,0.4666
738465.433484873,-0.2958,-0.0968,0.0714,0.464
738465.433487265,-0.2963,-0.0992,0.0658,0.4613
738465.433489297,-0.2969,-0.1013,0.0614,0.4596
738465.433491672,-0.2976,-0.1038,0.0565,0.4579
738465.43349397,-0.2983,-0.1064,0.0516,0.4563
738465.433496236,-0.299,-0.1091,0.0472,0.4553
738465.433498554,-0.3,-0.1108,0.0428,0.4536
738465.433500922,-0.3006,-0.1134,0.0385,0.4525
738465.433502973,-0.3015,-0.1155,0.0347,0.4517
738465.433505003,-0.3022,-0.1176,0.0311,0.4509
738465.433506977,-0.3027,-0.1195,0.0275,0.4497
738465.433509335,-0.3036,-0.1223,0.0234,0.4493
738465.433511336,-0.3043,-0.1234,0.0199,0.4476
738465.433513626,-0.3048,-0.126,0.0159,0.4467
738465.433515889,-0.3056,-0.1277,0.0119,0.4452
738465.433518153,-0.3063,-0.1305,0.0079,0.4447
738465.433520142,-0.3069,-0.1316,0.0045,0.443
738465.433522452,-0.3077,-0.1344,0.0005,0.4426
738465.433524717,-0.3083,-0.136,-0.0034,0.4477
738465.433527051,-0.3092,-0.1387,-0.0074,0.4553
738465.433529475,-0.3099,-0.1413,-0.0113,0.4625
738465.433531516,-0.3105,-0.1432,-0.0147,0.4684
738465.433533865,-0.3115,-0.145,-0.0185,0.475
738465.433535875,-0.3121,-0.1472,-0.0217,0.481
738465.433537871,-0.3129,-0.1493,-0.0248,0.487
738465.433540241,-0.3137,-0.1509,-0.0283,0.4929
738465.433542631,-0.3146,-0.1535,-0.0319,0.5
738465.433544997,-0.3153,-0.1561,-0.0353,0.5067
738465.433547387,-0.3161,-0.1577,-0.0388,0.5126
738465.433549673,-0.3172,-0.1605,-0.0422,0.5199
738465.433551968,-0.3178,-0.1621,-0.0454,0.5253
738465.433554326,-0.3188,-0.1649,-0.0486,0.5323
738465.433556633,-0.3197,-0.1665,-0.0518,0.538
738465.433558948,-0.3207,-0.1683,-0.0548,0.5438
738465.433561266,-0.3217,-0.1711,-0.0577,0.5505
738465.433563609,-0.3225,-0.1727,-0.0605,0.5557
738465.433565666,-0.3234,-0.1737,-0.0629,0.56
738465.433567666,-0.3246,-0.1751,-0.065,0.5647
738465.433570017,-0.3257,-0.1767,-0.0674,0.5698
738465.433572279,-0.3266,-0.1784,-0.0696,0.5746
738465.433574297,-0.3278,-0.1787,-0.0713,0.5778
738465.433576595,-0.329,-0.1804,-0.0732,0.5826
738465.433578937,-0.3302,-0.1811,-0.0748,0.5861
738465.433580965,-0.3314,-0.1822,-0.0761,0.5897
738465.4335833,-0.3329,-0.1829,-0.0775,0.5933
738465.433585605,-0.3344,-0.1837,-0.0786,0.5967
738465.43358791,-0.3358,-0.1844,-0.0795,0.5997
738465.433590186,-0.3374,-0.1853,-0.0802,0.6029
738465.433593053,-0.3389,-0.1851,-0.0807,0.6047
738465.433595306,-0.3412,-0.1859,-0.0811,0.6082
738465.433597526,-0.3428,-0.1868,-0.0812,0.6108
738465.433599772,-0.3446,-0.1866,-0.0811,0.6123
738465.433602031,-0.3463,-0.1865,-0.0808,0.6136
738465.433604339,-0.348,-0.1862,-0.0803,0.6145
738465.43360667,-0.3499,-0.1859,-0.0797,0.6155
738465.433608944,-0.352,-0.1857,-0.0789,0.6166
738465.433611255,-0.3539,-0.1854,-0.0779,0.6172
738465.433613548,-0.3561,-0.1853,-0.0767,0.6181
738465.433615816,-0.358,-0.1849,-0.0754,0.6183
738465.433618056,-0.3601,-0.1848,-0.0739,0.6188
738465.43362028,-0.3621,-0.1837,-0.0723,0.6181
738465.433622244,-0.364,-0.1829,-0.0708,0.6177
738465.433624554,-0.3664,-0.1827,-0.0688,0.6179
738465.433626871,-0.3686,-0.1814,-0.0668,0.6168
738465.433629239,-0.3709,-0.1801,-0.0646,0.6156
738465.433631258,-0.3729,-0.1803,-0.0627,0.6159
738465.433633282,-0.3747,-0.1794,-0.0608,0.6149
738465.433635402,-0.3768,-0.1784,-0.0588,0.614
738465.433637387,-0.3788,-0.1776,-0.0569,0.6133
738465.433639444,-0.3805,-0.1767,-0.0551,0.6123
738465.433641431,-0.3826,-0.1759,-0.0533,0.6118
738465.433643431,-0.3844,-0.1749,-0.0514,0.6107
738465.433645769,-0.3867,-0.1738,-0.0494,0.6099
738465.433647987,-0.3888,-0.1726,-0.0475,0.6089
738465.433650279,-0.3908,-0.1713,-0.0457,0.6078
738465.433652516,-0.3927,-0.1702,-0.0442,0.6071
738465.433654514,-0.3942,-0.1694,-0.0432,0.6068
738465.433656866,-0.396,-0.1681,-0.0422,0.6063
738465.433659191,-0.3975,-0.1677,-0.0417,0.6069
738465.433661571,-0.399,-0.1664,-0.0416,0.607
738465.433663588,-0.3999,-0.1654,-0.0421,0.6074
738465.433665873,-0.4007,-0.1641,-0.0433,0.6081
738465.43366819,-0.4016,-0.163,-0.0452,0.6098
738465.433670559,-0.4018,-0.1615,-0.048,0.6113
738465.433672842,-0.4022,-0.1603,-0.0516,0.6141
738465.433675194,-0.402,-0.159,-0.056,0.617
738465.43367752,-0.4016,-0.1576,-0.0612,0.6204
738465.433679925,-0.4012,-0.1563,-0.0673,0.6248
738465.433682258,-0.4005,-0.155,-0.0741,0.6296
738465.433684635,-0.3996,-0.1526,-0.0817,0.6339
738465.433687044,-0.3983,-0.1511,-0.0903,0.6397
738465.43368906,-0.3972,-0.1503,-0.0979,0.6454
738465.433691041,-0.396,-0.1495,-0.106,0.6515
738465.433693016,-0.3946,-0.1477,-0.1144,0.6567
738465.433695035,-0.3929,-0.1467,-0.1236,0.6632
738465.433697061,-0.3914,-0.1449,-0.1329,0.6692
738465.433699072,-0.3897,-0.1441,-0.1428,0.6766
738465.433701463,-0.3875,-0.1427,-0.1547,0.6849
738465.433703878,-0.3852,-0.1414,-0.1672,0.6938
738465.433705948,-0.383,-0.1394,-0.1785,0.7009
738465.433708032,-0.3806,-0.1384,-0.1903,0.7093
738465.433710395,-0.3779,-0.136,-0.204,0.7179
738465.433712778,-0.3751,-0.1347,-0.2181,0.7279
738465.433715211,-0.3722,-0.1333,-0.2329,0.7384
738465.433717274,-0.3697,-0.1325,-0.2455,0.7477
738465.433719266,-0.3671,-0.1307,-0.2584,0.7562
738465.433721698,-0.364,-0.1293,-0.2737,0.767
738465.433723996,-0.3611,-0.1271,-0.2885,0.7767
738465.433726352,-0.3579,-0.1258,-0.3035,0.7872
738465.433728446,-0.3553,-0.1249,-0.3168,0.797
738465.433730433,-0.3527,-0.1231,-0.3297,0.8055
738465.433732504,-0.3501,-0.1223,-0.3427,0.8151
738465.43373458,-0.3474,-0.1202,-0.3559,0.8235
738465.433736651,-0.3449,-0.1184,-0.3687,0.832
738465.433739042,-0.342,-0.117,-0.3834,0.8424
738465.433741431,-0.3393,-0.1158,-0.3975,0.8526
738465.433743772,-0.3365,-0.1134,-0.4114,0.8613
738465.433745745,-0.3344,-0.1128,-0.4222,0.8694
738465.433748068,-0.3319,-0.1106,-0.4339,0.8764
738465.433750097,-0.3297,-0.1097,-0.4426,0.882
738465.433752143,-0.3276,-0.1079,-0.45,0.8855
738465.43375448,-0.325,-0.1065,-0.4563,0.8878
738465.433756861,-0.3227,-0.1043,-0.4607,0.8877
738465.433758879,-0.3207,-0.1034,-0.4631,0.8872
738465.433761142,-0.3184,-0.1012,-0.4647,0.8843
738465.433763426,-0.3161,-0.1,-0.4653,0.8814
738465.43376545,-0.3144,-0.0983,-0.4651,0.8778
738465.43376749,-0.3122,-0.0973,-0.4646,0.8741
738465.433769533,-0.3105,-0.0956,-0.4637,0.8698
738465.433771611,-0.3086,-0.0938,-0.4625,0.8649
738465.433773656,-0.3064,-0.0927,-0.4612,0.8603
738465.433775684,-0.3045,-0.0908,-0.4598,0.8551
738465.433777764,-0.3029,-0.0892,-0.4583,0.8504
738465.433779833,-0.3008,-0.0881,-0.4567,0.8456
738465.43378217,-0.2987,-0.0859,-0.4549,0.8395
738465.433784232,-0.2968,-0.085,-0.4534,0.8352
738465.433786249,-0.2949,-0.0831,-0.4518,0.8298
738465.433788644,-0.2926,-0.0807,-0.45,0.8233
738465.43379064,-0.2907,-0.0799,-0.4485,0.8191
738465.433792672,-0.2888,-0.078,-0.447,0.8138
738465.433795103,-0.2866,-0.0755,-0.4451,0.8072
738465.433797127,-0.2847,-0.0747,-0.4433,0.8027
738465.433799371,-0.2828,-0.0726,-0.441,0.7964
738465.433801406,-0.2809,-0.0707,-0.4384,0.79
738465.433803765,-0.2786,-0.0683,-0.435,0.7819
738465.433805764,-0.2766,-0.0674,-0.4318,0.7758
738465.433807806,-0.2749,-0.0657,-0.4285,0.7691
738465.433809831,-0.2729,-0.0638,-0.425,0.7617
738465.433811879,-0.2708,-0.0617,-0.4212,0.7537
738465.433814244,-0.2686,-0.0595,-0.4171,0.7452
738465.433816302,-0.2665,-0.0586,-0.4135,0.7386
738465.433818404,-0.2643,-0.0565,-0.4098,0.7306
738465.433820746,-0.2618,-0.054,-0.4057,0.7215
738465.433822741,-0.2599,-0.0523,-0.4024,0.7146
738465.433824835,-0.2576,-0.0502,-0.399,0.7068
738465.433826881,-0.2554,-0.0483,-0.3958,0.6995
738465.433829236,-0.253,-0.0471,-0.3923,0.6924
738465.433831287,-0.2508,-0.0452,-0.3894,0.6854
738465.433833256,-0.2485,-0.0432,-0.3866,0.6783
738465.433835265,-0.2462,-0.0413,-0.3839,0.6714
738465.433837313,-0.2439,-0.0394,-0.3814,0.6647
738465.433840146,-0.2409,-0.0367,-0.3784,0.656
738465.433842572,-0.2374,-0.0346,-0.3752,0.6472
738465.433844556,-0.2349,-0.0326,-0.3732,0.6407
738465.433846899,-0.2322,-0.0303,-0.371,0.6335
738465.433849187,-0.2293,-0.028,-0.369,0.6263
738465.433851538,-0.2262,-0.0256,-0.3671,0.6189
738465.43385389,-0.2231,-0.0231,-0.3654,0.6116
738465.433855926,-0.2207,-0.0213,-0.3641,0.6061
738465.433858214,-0.2174,-0.0188,-0.3628,0.599
738465.433860289,-0.2147,-0.0169,-0.3617,0.5933
738465.433862319,-0.2119,-0.0149,-0.3608,0.5876
738465.433864363,-0.209,-0.013,-0.3601,0.5821
738465.433866403,-0.2059,-0.0109,-0.3594,0.5762
738465.433868767,-0.2027,-0.0085,-0.3588,0.57
738465.433870812,-0.1998,-0.0066,-0.3585,0.5649
738465.433872913,-0.1966,-0.0045,-0.3582,0.5593
738465.433875103,-0.1934,-0.0023,-0.3582,0.5539
738465.433877234,-0.1901,-0.0002,-0.3582,0.5485
738465.433879323,-0.1868,-0.002,-0.3584,0.5472
738465.433881357,-0.1836,-0.0039,-0.3587,0.5462
738465.433883384,-0.1804,-0.0059,-0.3591,0.5454
738465.433885702,-0.1769,-0.0082,-0.3597,0.5448
738465.433888151,-0.173,-0.0107,-0.3605,0.5442
738465.433890152,-0.1694,-0.0139,-0.3614,0.5447
738465.433892175,-0.1661,-0.0159,-0.3623,0.5443
738465.433894241,-0.1627,-0.0179,-0.3633,0.5439
738465.433896249,-0.1593,-0.0198,-0.3644,0.5435
738465.433898631,-0.1555,-0.0222,-0.3659,0.5436
738465.433900659,-0.1517,-0.0243,-0.3673,0.5433
738465.43390274,-0.1482,-0.0263,-0.3687,0.5432
738465.433904786,-0.1447,-0.0283,-0.3703,0.5433
738465.433906954,-0.1409,-0.0315,-0.3721,0.5445
738465.4339091,-0.137,-0.0337,-0.3739,0.5446
738465.433911238,-0.1332,-0.0359,-0.3758,0.5449
738465.433913458,-0.1293,-0.038,-0.3779,0.5452
738465.43391556,-0.1254,-0.0402,-0.38,0.5456
738465.433918,-0.121,-0.0428,-0.3825,0.5463
738465.43392014,-0.1169,-0.045,-0.3847,0.5466
738465.433922262,-0.1129,-0.0482,-0.387,0.5481
738465.43392434,-0.1092,0.0502,-0.3893,0.5487
738465.433926418,-0.1051,0.0524,-0.3917,0.5492
738465.433928489,-0.1013,0.0544,-0.394,0.5497
738465.433930989,-0.0969,0.0569,-0.3967,0.5505
738465.433933122,-0.0929,0.0591,-0.399,0.551
738465.433935295,-0.089,0.0613,-0.4012,0.5515
738465.433937472,-0.0852,0.0646,-0.4032,0.553
738465.43393968,-0.0812,0.067,-0.405,0.5532
738465.433941797,-0.0776,0.0692,-0.4066,0.5534
738465.433943976,-0.074,0.0714,-0.4078,0.5532
738465.433946113,-0.0706,0.0736,-0.4087,0.5529
738465.433948196,-0.0675,0.0756,-0.4092,0.5523
738465.43395058,-0.0639,0.0793,-0.4094,0.5526
738465.4339526,-0.0609,0.0813,-0.4093,0.5515
738465.433954708,-0.0576,0.0835,-0.409,0.5501
738465.433956776,-0.0546,0.0855,-0.4086,0.5487
738465.433958842,-0.0517,0.0876,-0.4081,0.5474
738465.433960971,-0.0485,0.0909,-0.4075,0.5469
738465.433963088,-0.0453,0.0931,-0.4068,0.5452
738465.433965169,-0.0423,0.0951,-0.4061,0.5435
738465.433967545,-0.0388,0.0977,-0.4052,0.5417
738465.433969523,-0.0359,0.0998,-0.4043,0.54
738465.433971632,-0.0331,0.1018,-0.4032,0.5381
738465.433973984,-0.0302,0.1053,-0.4017,0.5372
738465.433975958,-0.0275,0.1073,-0.4002,0.535
738465.433978422,-0.0242,0.1102,-0.3982,0.5326
738465.433980406,-0.0218,0.112,-0.3964,0.5302
738465.433982819,-0.0187,0.1147,-0.3942,0.5276
738465.433985152,-0.0154,0.1173,-0.392,0.5247
738465.433987195,-0.0128,0.1204,-0.3901,0.5233
738465.433989535,-0.0098,0.1229,-0.388,0.5207
738465.433991888,-0.0066,0.1255,-0.3859,0.518
738465.433993919,-0.0039,0.1276,-0.3841,0.5156
738465.433996274,-0.0005,0.1302,-0.3822,0.5129
738465.433998323,0.0023,0.1323,-0.3806,0.5152
738465.434000359,0.005,0.1344,-0.379,0.5184
738465.434002715,0.0084,0.137,-0.3774,0.5228
738465.434004805,0.0112,0.1391,-0.376,0.5263
738465.43400683,0.0142,0.1412,-0.3748,0.5302
738465.434009253,0.0176,0.1438,-0.3734,0.5348
738465.434011298,0.0204,0.1459,-0.3722,0.5385
738465.43401364,0.0239,0.1486,-0.3709,0.5434
738465.434015663,0.0267,0.1496,-0.3697,0.546
738465.4340177,0.0296,0.1517,-0.3685,0.5498
738465.434019811,0.0325,0.1538,-0.3673,0.5536
738465.434021936,0.0356,0.156,-0.3661,0.5577
738465.43402426,0.0391,0.1576,-0.3648,0.5615
738465.434026592,0.0424,0.1591,-0.3637,0.5652
738465.434028628,0.0454,0.1612,-0.3628,0.5694
738465.434030992,0.0491,0.1628,-0.3618,0.5737
738465.434033375,0.0525,0.1642,-0.361,0.5777
738465.434035763,0.0562,0.1658,-0.3603,0.5823
738465.434037813,0.0594,0.1679,-0.3598,0.5871
738465.434040204,0.0632,0.1695,-0.3593,0.592
738465.434042223,0.0664,0.1705,-0.359,0.5959
738465.434044633,0.0703,0.1722,-0.3588,0.6013
738465.434046716,0.0739,0.1734,-0.3588,0.6061
738465.434049166,0.0779,0.1739,-0.3588,0.6106
738465.4340513,0.0812,0.175,-0.359,0.6152
738465.434053431,0.0848,0.1762,-0.3592,0.6202
738465.434055566,0.0885,0.1774,-0.3596,0.6255
738465.43405765,0.0922,0.1787,-0.3601,0.631
738465.434059657,0.0957,0.1797,-0.3606,0.636
738465.434061996,0.0997,0.18,-0.3613,0.641
738465.434064006,0.1033,0.1811,-0.3621,0.6465
738465.434066346,0.1074,0.1814,-0.363,0.6518
738465.434068346,0.111,0.1825,-0.3639,0.6574
738465.43407072,0.1151,0.1828,-0.365,0.6629
738465.43407306,0.1196,0.1834,-0.3663,0.6693
738465.434075387,0.1238,0.1837,-0.3676,0.6751
738465.434077722,0.128,0.1841,-0.369,0.6811
738465.434080095,0.1325,0.1846,-0.3706,0.6877
738465.434082435,0.1368,0.185,-0.3722,0.694
738465.434084798,0.1414,0.1856,-0.3739,0.7009
738465.434087172,0.1458,0.1859,-0.3757,0.7074
738465.434089959,0.1504,0.1854,-0.3776,0.7134
738465.434091983,0.1549,0.1859,-0.3795,0.7203
738465.434094044,0.1587,0.1859,-0.381,0.7256
738465.434096099,0.1627,0.186,-0.3823,0.731
738465.434098131,0.1661,0.1858,-0.3833,0.7352
738465.434100473,0.1704,0.1853,-0.3843,0.74
738465.434102446,0.1735,0.185,-0.3848,0.7433
738465.434104807,0.1773,0.1854,-0.385,0.7477
738465.434107164,0.1812,0.1859,-0.385,0.7521
738465.434109223,0.1846,0.1859,-0.3848,0.7553
738465.434111549,0.1882,0.1851,-0.3844,0.7577
738465.434113521,0.1916,0.1851,-0.3839,0.7606
738465.434115553,0.1945,0.1848,-0.3834,0.7627
738465.434117587,0.1977,0.1848,-0.3827,0.7652
738465.43411998,0.2012,0.1841,-0.3816,0.7669
738465.434122326,0.2049,0.1846,-0.3804,0.7699
738465.434124632,0.2083,0.1839,-0.379,0.7712
738465.434126584,0.211,0.1836,-0.3776,0.7722
738465.434128937,0.2146,0.1842,-0.3758,0.7746
738465.434131286,0.2177,0.1835,-0.3738,0.775
738465.434133675,0.2211,0.184,-0.3715,0.7766
738465.434135725,0.2238,0.184,-0.3693,0.7771
738465.434137807,0.2262,0.1837,-0.3671,0.777
738465.434139868,0.2291,0.1828,-0.3645,0.7764
738465.434141911,0.2317,0.1827,-0.3619,0.7763
738465.434144299,0.2344,0.1831,-0.3585,0.776
738465.434146717,0.2374,0.1827,-0.3547,0.7748
738465.434149075,0.2399,0.1831,-0.3507,0.7737
738465.434151162,0.2419,0.182,-0.3468,0.7707
738465.434153579,0.2443,0.1825,-0.3418,0.7686
738465.434155614,0.2462,0.1825,-0.3374,0.7661
738465.434157695,0.2483,0.1826,-0.3325,0.7634
738465.434159687,0.2499,0.1813,-0.3276,0.7588
738465.434161999,0.2521,0.1818,-0.3216,0.7555
738465.434164361,0.2539,0.1811,-0.3154,0.7504
738465.434166739,0.2559,0.1817,-0.3089,0.7465
738465.434168729,0.2573,0.1814,-0.3034,0.7421
738465.434170761,0.2588,0.1802,-0.2975,0.7365
738465.434173096,0.2607,0.1808,-0.2906,0.7321
738465.434175419,0.2621,0.1801,-0.2834,0.7256
738465.43417745,0.2634,0.18,-0.277,0.7204
738465.434179474,0.2647,0.18,-0.2706,0.7153
738465.434181515,0.2659,0.1799,-0.2638,0.7096
738465.434183661,0.2673,0.179,-0.2567,0.703
738465.434185816,0.2683,0.1791,-0.2491,0.6965
738465.434187967,0.2694,0.1793,-0.2414,0.6901
738465.434190043,0.2706,0.1783,-0.2339,0.6828
738465.434192087,0.2715,0.1783,-0.2264,0.6762
738465.434194188,0.2722,0.1782,-0.2186,0.669
738465.43419621,0.2734,0.1773,-0.2109,0.6616
738465.434198235,0.2743,0.1772,-0.2032,0.6547
738465.434200234,0.2751,0.1772,-0.1954,0.6477
738465.434202276,0.2759,0.176,-0.1872,0.6391
738465.434204334,0.2765,0.1759,-0.1788,0.6312
738465.434206427,0.2772,0.1759,-0.1702,0.6233
738465.434208558,0.2783,0.1751,-0.1609,0.6143
738465.434210914,0.2792,0.1746,-0.1506,0.6044
738465.434212976,0.2798,0.1745,-0.1416,0.5959
738465.434215346,0.2807,0.174,-0.1311,0.5858
738465.434217687,0.2817,0.1734,-0.1209,0.576
738465.434219833,0.2825,0.1724,-0.1116,0.5665
738465.434221852,0.2831,0.1724,-0.1026,0.5581
738465.434223931,0.2839,0.1712,-0.0937,0.5488
738465.434226049,0.2847,0.1714,-0.0846,0.5407
738465.434228127,0.2857,0.1704,-0.0758,0.5319
738465.434230276,0.2866,0.1694,-0.0671,0.5231
738465.434232327,0.2875,0.1696,-0.0586,0.5157
738465.434234382,0.2887,0.1686,-0.0507,0.508
738465.434236447,0.2895,0.1674,-0.0431,0.5
738465.434238851,0.2906,0.1669,-0.0349,0.4924
738465.43424089,0.2918,0.1659,-0.0282,0.4859
738465.43424297,0.293,0.1661,-0.0217,0.4808
738465.434244978,0.2941,0.1649,-0.0157,0.4747
738465.434246992,0.2951,0.1637,-0.0096,0.4684
738465.43424908,0.2964,0.1638,-0.0037,0.4639
738465.434251188,0.2978,0.1629,0.0023,0.463
738465.434253299,0.2991,0.1619,0.0081,0.4691
738465.434255335,0.3002,0.1607,0.0138,0.4747
738465.434257751,0.3021,0.1603,0.0201,0.4825
738465.434259862,0.3033,0.1591,0.0255,0.4879
738465.434261929,0.305,0.1582,0.0307,0.4939
738465.434264069,0.3065,0.1572,0.0358,0.4995
738465.434266278,0.3085,0.1564,0.0409,0.5058
738465.434268486,0.3103,0.1556,0.0459,0.5118
738465.434270644,0.3123,0.1537,0.0505,0.5165
738465.434272804,0.3141,0.1527,0.0549,0.5217
738465.434274995,0.3163,0.1519,0.059,0.5272
738465.434277186,0.3183,0.1511,0.0633,0.5327
738465.434279313,0.3201,0.1502,0.0673,0.5376
738465.4342814,0.322,0.1492,0.0712,0.5424
738465.434283472,0.3239,0.1482,0.075,0.5471
738465.434285572,0.3255,0.147,0.0788,0.5513
738465.434287631,0.3274,0.146,0.0827,0.5561
738465.434289668,0.3293,0.145,0.0866,0.5609
738465.434291748,0.3313,0.144,0.0904,0.5657
738465.434293791,0.333,0.1416,0.0941,0.5687
738465.434295812,0.3351,0.1418,0.0977,0.5746
738465.434297876,0.3368,0.1394,0.1013,0.5775
738465.43429999,0.339,0.1386,0.105,0.5826
738465.434302061,0.3407,0.1374,0.1086,0.5867
738465.434304146,0.3427,0.1364,0.1121,0.5912
738465.434306236,0.3446,0.1354,0.1157,0.5957
738465.434308322,0.3464,0.1344,0.1193,0.6001
738465.434310353,0.3483,0.1334,0.1228,0.6045
738465.434312452,0.3501,0.1324,0.1264,0.6089
738465.434314535,0.3519,0.1314,0.1301,0.6134
738465.434316574,0.3534,0.1301,0.1337,0.6172
738465.434318696,0.3551,0.1291,0.1376,0.6218
738465.434320794,0.3567,0.1281,0.1414,0.6262
738465.434322946,0.3586,0.1262,0.1454,0.6302
738465.434324966,0.3604,0.1251,0.1492,0.6347
738465.434327019,0.3617,0.1239,0.1532,0.6388
738465.434329019,0.3635,0.1229,0.157,0.6434
738465.434331029,0.365,0.1217,0.1608,0.6475
738465.434333107,0.3667,0.1206,0.1648,0.6521
738465.434335346,0.3682,0.1198,0.1693,0.6573
738465.434337428,0.37,0.119,0.1735,0.6625
738465.434339527,0.3716,0.1169,0.1776,0.6661
738465.43434168,0.3731,0.1158,0.1818,0.6707
738465.434343812,0.3749,0.115,0.1859,0.6758
738465.434345923,0.3765,0.114,0.19,0.6805
738465.434348041,0.3781,0.1118,0.1941,0.684
738465.434350235,0.3798,0.111,0.1983,0.6891
738465.434352283,0.3814,0.11,0.2023,0.6937
738465.434354374,0.383,0.1089,0.2062,0.6981
738465.434356505,0.3846,0.1067,0.2102,0.7015
738465.434358653,0.3864,0.1059,0.2141,0.7064
738465.43436074,0.3878,0.1049,0.2179,0.7106
738465.434362849,0.3891,0.1027,0.2219,0.7137
738465.434364922,0.3903,0.1016,0.226,0.7179
738465.43436719,0.3915,0.0999,0.2308,0.7222
738465.434369345,0.3922,0.0988,0.2356,0.7266
738465.434371445,0.3932,0.0968,0.2408,0.7308
738465.434373875,0.3939,0.0953,0.2472,0.7364
738465.434376014,0.3941,0.0942,0.2534,0.7417
738465.434378097,0.3944,0.0932,0.2598,0.7474
738465.434380243,0.3948,0.0912,0.2667,0.7527
738465.434382342,0.395,0.0901,0.2736,0.7587
738465.434384412,0.3953,0.0879,0.2804,0.7636
738465.434386514,0.3955,0.0869,0.2874,0.7698
738465.434388584,0.3959,0.0849,0.2945,0.7753
738465.434390673,0.396,0.0838,0.3015,0.7813
738465.434392926,0.3959,0.0818,0.3093,0.787
738465.434395068,0.3959,0.0798,0.3169,0.7926
738465.434397239,0.396,0.0789,0.3245,0.7994
738465.434399548,0.3959,0.0771,0.3329,0.8059
738465.434401701,0.3957,0.0751,0.3409,0.8117
738465.434403783,0.3954,0.0741,0.3487,0.8182
738465.434405891,0.3951,0.0718,0.3565,0.8234
738465.434407992,0.395,0.071,0.3644,0.8304
738465.434410159,0.3946,0.0689,0.3728,0.8363
738465.434412283,0.3941,0.0667,0.3809,0.8417
738465.434414411,0.394,0.0658,0.389,0.8488
738465.434416492,0.3935,0.0636,0.3971,0.8542
738465.434418914,0.3933,0.0622,0.4066,0.8621
738465.434421037,0.3927,0.0599,0.4148,0.8674
738465.434423406,0.3923,0.0583,0.4241,0.8747
738465.434425473,0.3919,0.0573,0.432,0.8812
738465.434427591,0.3916,0.0552,0.4403,0.8871
738465.434429653,0.3912,0.053,0.4482,0.8924
738465.434431709,0.3906,0.0519,0.4562,0.8987
738465.434433739,0.3904,0.0496,0.4639,0.9039
738465.434435877,0.3901,0.0487,0.4719,0.9107
738465.43443799,0.3898,0.0467,0.4799,0.9164
738465.434440109,0.3894,0.0456,0.4876,0.9226
738465.434442276,0.3894,0.0438,0.4955,0.9287
738465.434444373,0.389,0.0415,0.5029,0.9334
738465.434446468,0.3889,0.0394,0.5103,0.9386
738465.434448527,0.3887,0.0383,0.5173,0.9443
738465.434450565,0.3885,0.036,0.5242,0.9487
738465.434452629,0.3884,0.035,0.531,0.9544
738465.434454697,0.3886,0.0329,0.5377,0.9592
738465.434456865,0.3884,0.0308,0.5447,0.9639
738465.434458906,0.3884,0.0297,0.551,0.9691
738465.434461017,0.3886,0.0276,0.5574,0.9736
738465.434463145,0.3885,0.0253,0.5637,0.9775
738465.434465275,0.3886,0.0233,0.57,0.9819
738465.434467287,0.3891,0.0224,0.5759,0.9874
738465.434469358,0.3894,-0.0201,0.5815,0.991
738465.434471479,0.3897,-0.018,0.5873,0.995
738465.434473577,0.3899,-0.0169,0.5927,0.9995
738465.434475924,0.3904,-0.014,0.5988,1.0032
738465.434478024,0.391,-0.0131,0.6039,1.008
738465.43448011,0.3917,-0.011,0.6088,1.0115
738465.434482206,0.3921,-0.0087,0.6135,1.0143
738465.434484339,0.3928,-0.0066,0.6181,1.0175
738465.434486473,0.3936,-0.0045,0.6224,1.0205
738465.434488627,0.3944,-0.0024,0.6267,1.0235
738465.434490781,0.3954,-0.0003,0.6306,1.0263
738465.434492996,0.3965,-0.0016,0.6343,1.0324
738465.434495273,0.3977,-0.0035,0.6372,1.0384
738465.434497458,0.399,-0.0054,0.639,1.0434
738465.434499652,0.4,-0.0075,0.6395,1.047
738465.434501815,0.4014,-0.0106,0.6387,1.0507
738465.434503915,0.4023,-0.0118,0.6368,1.0509
738465.434505999,0.4038,-0.0139,0.6341,1.0518
738465.434508144,0.405,-0.016,0.6304,1.0514
738465.434510247,0.4061,-0.0184,0.6263,1.0508
738465.43451232,0.4076,-0.0205,0.6216,1.0497
738465.434514434,0.4088,-0.0226,0.6163,1.0477
738465.434516615,0.4102,-0.0248,0.6106,1.0456
738465.434518821,0.4114,-0.0281,0.6046,1.0441
738465.434520939,0.4128,-0.0303,0.5987,1.0418
738465.434523122,0.414,-0.0324,0.5925,1.0389
738465.434525282,0.4154,-0.0346,0.5865,1.0365
738465.434527462,0.4164,-0.0367,0.5804,1.0335
738465.434529613,0.4177,-0.0386,0.5745,1.0308
738465.434531707,0.4185,-0.041,0.5692,1.0287
738465.43453385,0.4194,-0.0432,0.564,1.0266
738465.434535949,0.4201,-0.0455,0.5592,1.0248
738465.4345381,0.4209,-0.0489,0.5545,1.0243
738465.434540271,0.4218,-0.0511,0.55,1.0229
738465.43454238,0.4226,-0.0533,0.5456,1.0215
738465.43454456,0.4235,-0.0554,0.5415,1.0204
738465.434546766,0.4241,-0.0576,0.5372,1.0189
738465.434549008,0.425,-0.0608,0.5329,1.0187
738465.434551182,0.4257,-0.063,0.529,1.0177
738465.434553437,0.4264,-0.0662,0.5249,1.0175
738465.43455564,0.4269,-0.0683,0.521,1.0162
738465.434557902,0.4273,-0.0705,0.5173,1.0151
738465.434560143,0.4279,-0.0737,0.5136,1.0152
738465.434562367,0.4285,-0.0757,0.5101,1.0143
738465.434564498,0.429,-0.0779,0.507,1.0139
738465.434566725,0.4292,-0.0801,0.5039,1.0132
738465.434568872,0.4295,-0.0823,0.501,1.0128
738465.434571097,0.4297,-0.0845,0.4983,1.0125
738465.434573427,0.4299,-0.0867,0.4957,1.0123
738465.434575782,0.43,-0.0895,0.4929,1.0124
738465.434578113,0.4302,-0.0912,0.4905,1.0119
738465.434580375,0.4303,-0.0932,0.4884,1.0119
738465.434582595,0.4304,-0.0952,0.4864,1.012
738465.434584874,0.4303,-0.096,0.4846,1.0109
738465.43458702,0.4301,-0.0982,0.4831,1.0114
738465.434589214,0.43,-0.0992,0.4817,1.0109
738465.434591281,0.4299,-0.1002,0.4805,1.0106
738465.434593414,0.4295,-0.1014,0.4794,1.0103
738465.434595538,0.4295,-0.1034,0.4785,1.0114
738465.43459834,0.4291,-0.1034,0.4777,1.0102
738465.434600515,0.4284,-0.1055,0.4769,1.0108
738465.434602744,0.4279,-0.1063,0.4764,1.0106
738465.434604917,0.4274,-0.1073,0.4761,1.0108
738465.434607225,0.427,-0.1078,0.476,1.0108
738465.434609454,0.4262,-0.1088,0.476,1.011
738465.434611649,0.4257,-0.1096,0.4762,1.0115
738465.434613804,0.4249,-0.1094,0.4765,1.0108
738465.434615968,0.4241,-0.1104,0.4769,1.0114
738465.434618113,0.4233,-0.1101,0.4775,1.0109
738465.434620302,0.4223,-0.1111,0.4783,1.0117
738465.434622472,0.4213,-0.1109,0.4793,1.0115
738465.434624598,0.4202,-0.1106,0.4805,1.0113
738465.434626799,0.4191,-0.1114,0.482,1.0125
738465.434628971,0.4178,-0.1112,0.4838,1.0128
738465.43463115,0.4164,-0.1109,0.4858,1.0131
738465.434633461,0.4149,-0.1115,0.4883,1.0147
738465.43463579,0.4134,-0.111,0.4908,1.0152
738465.434637989,0.4118,-0.1105,0.4935,1.0158
738465.434640157,0.4104,-0.1103,0.496,1.0167
738465.434642326,0.4088,-0.1098,0.4989,1.0175
738465.434644426,0.4075,-0.1083,0.5016,1.0174
738465.434646562,0.4059,-0.1081,0.5044,1.0184
738465.434648657,0.4041,-0.108,0.5072,1.0193
738465.434650819,0.4026,-0.1063,0.5103,1.0192
738465.434653063,0.4006,-0.106,0.5134,1.02
738465.434655141,0.3991,-0.1058,0.5164,1.0213
738465.434657263,0.3974,-0.1043,0.5195,1.0212
738465.434659361,0.3959,-0.104,0.5226,1.0225
738465.434661569,0.394,-0.1025,0.5258,1.0223
738465.434663734,0.3924,-0.102,0.5291,1.0235
738465.434665838,0.3905,-0.1007,0.5321,1.0233
738465.434667999,0.3891,-0.1003,0.5353,1.0247
738465.434670181,0.3872,-0.0987,0.5384,1.0243
738465.434672357,0.3857,-0.0983,0.5415,1.0255
738465.434674519,0.3839,-0.0967,0.5445,1.0251
738465.434676696,0.3822,-0.0965,0.5476,1.0263
738465.434678821,0.3804,-0.0949,0.5506,1.0259
738465.434680937,0.3789,-0.0947,0.5535,1.0271
738465.43468314,0.3772,-0.0929,0.5565,1.0266
738465.43468525,0.3756,-0.0927,0.5594,1.0277
738465.434687335,0.3742,-0.0911,0.5621,1.0274
738465.434689487,0.3725,-0.0896,0.565,1.0271
738465.434691674,0.3707,-0.0893,0.5678,1.0278
738465.434693825,0.3693,-0.0876,0.5705,1.0274
738465.434696048,0.3679,-0.0871,0.5729,1.0279
738465.434698192,0.3661,-0.0868,0.5745,1.0274
738465.434700316,0.3646,-0.0853,0.575,1.0249
738465.434702442,0.3631,-0.0837,0.5743,1.0211
738465.434704614,0.3614,-0.0834,0.5722,1.017
738465.43470673,0.3598,-0.0819,0.5689,1.0106
738465.434708836,0.3582,-0.0816,0.5646,1.0044
738465.434710975,0.3566,-0.0801,0.5596,0.9963
738465.434713036,0.355,-0.0798,0.5541,0.9889
738465.434715109,0.3529,-0.0785,0.5483,0.9797
738465.434717193,0.351,-0.0771,0.5425,0.9706
738465.434719335,0.3493,-0.0766,0.5362,0.9621
738465.434721422,0.3474,-0.0751,0.5303,0.9528
738465.434723599,0.3452,-0.0748,0.5242,0.9442
738465.434725756,0.343,-0.0732,0.5184,0.9346
738465.434727908,0.3407,-0.0717,0.5128,0.9252
738465.434730014,0.3385,-0.0701,0.5076,0.9162
738465.43473219,0.336,-0.0698,0.5025,0.9083
738465.43473444,0.3334,-0.068,0.4975,0.8989
738465.434736561,0.3307,-0.0665,0.4929,0.8901
738465.434738715,0.3281,-0.0649,0.4887,0.8817
738465.434740869,0.3253,-0.0633,0.4847,0.8733
738465.434743068,0.3225,-0.0628,0.4809,0.8662
738465.434745274,0.3194,-0.0612,0.4774,0.858
738465.434747472,0.3164,-0.0594,0.4741,0.8499
738465.434749577,0.3131,-0.058,0.4713,0.8424
738465.434751706,0.31,-0.0565,0.4687,0.8352
738465.434753827,0.3068,-0.0549,0.4664,0.8281
738465.434755993,0.3033,-0.0533,0.4643,0.8209
738465.434758225,0.2999,-0.0515,0.4625,0.8139
738465.434760406,0.296,-0.0499,0.461,0.8069
738465.434762586,0.2923,-0.0483,0.4597,0.8003
738465.434764769,0.289,-0.0464,0.4587,0.7941
738465.434766918,0.2851,-0.0448,0.4579,0.7878
738465.434769158,0.2816,-0.043,0.4571,0.7817
738465.434771238,0.278,-0.0403,0.4565,0.7748
738465.43477338,0.2749,-0.0387,0.4558,0.7694
738465.434775532,0.2717,-0.0371,0.4551,0.7639
738465.434777607,0.2689,-0.0355,0.4543,0.7587
738465.434779768,0.266,-0.0339,0.4533,0.7532
738465.434781939,0.263,-0.031,0.4521,0.7461
738465.434784089,0.2604,-0.0294,0.4507,0.7405
738465.434786249,0.2577,-0.0277,0.4491,0.7345
738465.434788396,0.2548,-0.0261,0.4473,0.7282
738465.434790543,0.2525,-0.0232,0.4454,0.7211
738465.43479271,0.25,-0.0216,0.4432,0.7148
738465.43479482,0.2476,-0.0199,0.4409,0.7084
738465.434796947,0.2454,-0.0183,0.4385,0.7022
738465.434799059,0.2434,-0.0154,0.4358,0.6946
738465.434801204,0.2411,-0.014,0.4329,0.688
738465.434803415,0.2392,-0.0121,0.4296,0.6809
738465.434805814,0.2371,-0.01,0.4257,0.6728
738465.434807968,0.2355,-0.0083,0.4221,0.6659
738465.434810143,0.2341,-0.0065,0.4181,0.6587
738465.434812278,0.2323,-0.0037,0.4139,0.6499
738465.434814474,0.2308,-0.0021,0.4095,0.6424
738465.434816618,0.2295,-0.0004,0.4047,0.6346
738465.434818703,0.2284,-0.0012,0.3994,0.629
738465.434820828,0.2274,-0.0042,0.3934,0.625
738465.434822884,0.2263,-0.0056,0.3867,0.6186
738465.43482501,0.2255,-0.0073,0.3793,0.6121
738465.434827187,0.2246,-0.0089,0.371,0.6045
738465.43482929,0.2234,-0.0117,0.3625,0.5976
738465.43483137,0.2225,-0.0131,0.3543,0.5899
738465.434833456,0.2219,-0.0148,0.3461,0.5828
738465.43483562,0.2212,-0.0178,0.338,0.577
738465.434837821,0.2202,-0.0192,0.3303,0.5697
738465.434839879,0.2197,-0.0209,0.3228,0.5634
738465.434841974,0.2189,-0.0223,0.3156,0.5568
738465.434844091,0.2182,-0.0237,0.3086,0.5505
738465.434846235,0.2175,-0.0268,0.3014,0.5457
738465.434848322,0.217,-0.0282,0.2947,0.5399
738465.434850481,0.2165,-0.0299,0.2877,0.5341
738465.434852579,0.2161,-0.0316,0.2808,0.5285
738465.434854643,0.2156,-0.033,0.2742,0.5228
738465.434856819,0.2148,-0.0358,0.2673,0.5179
738465.434858974,0.2143,-0.0375,0.2603,0.5121
738465.434861155,0.2138,-0.0392,0.2534,0.5064
738465.434863363,0.2133,-0.0409,0.2464,0.5006
738465.434865456,0.2127,-0.0424,0.2398,0.4949
738465.434867583,0.2123,-0.0441,0.233,0.4894
738465.43486969,0.2116,0.0455,0.2265,0.4836
738465.43487192,0.2109,0.0472,0.2196,0.4777
738465.434874137,0.2103,0.0489,0.2128,0.472
738465.434876456,0.2096,0.0509,0.2057,0.4662
738465.434878622,0.2091,0.0526,0.1993,0.461
738465.434880798,0.2084,0.0543,0.1928,0.4555
738465.434882935,0.2075,0.0558,0.1866,0.4499
738465.434885128,0.2068,0.0575,0.1804,0.4447
738465.434887249,0.2062,0.0593,0.1744,0.4399
738465.434889424,0.205,0.0607,0.1684,0.4341
738465.434891601,0.2043,0.0625,0.1626,0.4294
738465.434893796,0.2033,0.0642,0.1569,0.4244
738465.43489601,0.2023,0.0659,0.1513,0.4195
738465.434898212,0.2012,0.0677,0.1458,0.4147
738465.434900431,0.2,0.0694,0.1406,0.41
738465.434902724,0.1985,0.0711,0.1353,0.4049
738465.434904938,0.1971,0.0729,0.1304,0.4004
738465.434907183,0.1956,0.0733,0.1257,0.3946
738465.434909367,0.1942,0.075,0.1212,0.3904
738465.434911564,0.1927,0.0768,0.117,0.3865
738465.434913738,0.1909,0.0783,0.113,0.3822
738465.434915952,0.1891,0.08,0.1092,0.3783
738465.434918158,0.1873,0.0818,0.1056,0.3747
738465.434920398,0.1854,0.0835,0.1022,0.3711
738465.434922664,0.1837,0.0842,0.0989,0.3668
738465.434924903,0.1816,0.0859,0.096,0.3635
738465.434927101,0.1794,0.0877,0.0932,0.3603
738465.434929246,0.1772,0.0892,0.0908,0.3572
738465.434931396,0.1751,0.091,0.0885,0.3546
738465.434933572,0.1726,0.0925,0.0865,0.3516
738465.434935763,0.1702,0.0943,0.0847,0.3492
738465.434937978,0.1676,0.096,0.0831,0.3467
738465.434940233,0.1649,0.0978,0.0817,0.3444
738465.434942467,0.162,0.0996,0.0805,0.3421
738465.43494471,0.1591,0.1014,0.0796,0.3401
738465.43494688,0.1562,0.1045,0.079,0.3397
738465.434949046,0.1529,0.1061,0.0786,0.3376
738465.434951308,0.1498,0.1081,0.0784,0.3363
738465.434953469,0.1467,0.1099,0.0784,0.335
738465.43495555,0.1436,0.1128,0.0786,0.335
738465.43495769,0.1404,0.1144,0.079,0.3338
738465.434959839,0.1369,0.1159,0.0795,0.3323
738465.434961922,0.1336,0.1188,0.08,0.3324
738465.434964014,0.1305,0.1204,0.0807,0.3316
738465.434966126,0.1272,0.1233,0.0813,0.3318
738465.434968273,0.1238,0.1249,0.0819,0.3306
738465.434970453,0.1205,0.128,0.0826,0.3311
738465.434972672,0.1168,0.1299,0.0834,0.3301
738465.434974773,0.1133,0.1328,0.0843,0.3304
738465.434976887,0.1098,0.1344,0.0852,0.3294
738465.434979065,0.1062,0.1376,0.0864,0.3302
738465.434981213,0.1023,0.1405,0.0878,0.3306
738465.434983371,0.0982,0.1435,0.0893,0.331
738465.434985536,0.0944,0.1453,0.091,0.3307
738465.434987681,0.0905,0.1485,0.0929,0.3319
738465.434989868,0.0861,0.1515,0.095,0.3326
738465.434992024,0.0822,0.1547,0.0972,0.3341
738465.434994153,0.078,0.1577,0.0995,0.3352
738465.434996272,0.0735,0.1607,0.1021,0.3363
738465.434998486,0.0691,0.1639,0.1049,0.3379
738465.43500072,0.0646,0.1688,0.1079,0.3413
738465.435002942,0.0599,0.172,0.111,0.3429
738465.435005069,0.055,0.175,0.1142,0.3442
738465.435007324,0.0501,0.1797,0.1176,0.3474
738465.435009494,0.0453,0.1843,0.1211,0.3507
738465.435011651,0.0402,0.1873,0.1247,0.3522
738465.435013797,0.0353,0.192,0.1285,0.3558
738465.435015947,0.0304,0.1967,0.1324,0.3595
738465.435018083,0.0252,0.2011,0.1364,0.3627
738465.435020308,0.0198,0.2058,0.1406,0.3662
738465.435022525,0.0145,0.2105,0.145,0.37
738465.435024735,0.009,0.2152,0.1494,0.3736
738465.43502697,0.0039,0.2215,0.1539,0.3793
738465.435029194,-0.0016,0.2262,0.1584,0.3862
738465.435031435,-0.0071,0.2309,0.1629,0.4009
738465.435033638,-0.0126,0.2357,0.1674,0.4157
738465.435035723,-0.0175,0.2418,0.1716,0.4309
738465.435037813,-0.0225,0.2463,0.1757,0.4445
738465.43504002,-0.028,0.251,0.18,0.459
738465.435042206,-0.0336,0.2571,0.1843,0.475
738465.435044389,-0.0388,0.2619,0.1884,0.4891
738465.435046884,-0.0448,0.2675,0.1931,0.5054
738465.435049113,-0.0501,0.2736,0.1969,0.5206
738465.435051242,-0.055,0.2784,0.2003,0.5337
738465.435053393,-0.0595,0.2832,0.2034,0.5461
738465.435055543,-0.064,0.2891,0.206,0.5591
738465.435057672,-0.0683,0.2939,0.2082,0.5704
738465.435059791,-0.0721,0.2987,0.2099,0.5807
738465.435061861,-0.0761,0.3044,0.211,0.5915
738465.435064027,-0.0798,0.3092,0.2117,0.6007
738465.435066177,-0.083,0.314,0.2119,0.6089
738465.43506829,-0.0862,0.32,0.2115,0.6177
738465.435070369,-0.0894,0.3246,0.2105,0.6245
738465.435072547,-0.0918,0.3294,0.2089,0.6301
738465.43507465,-0.0942,0.3354,0.2065,0.6361
738465.435076821,-0.096,0.3402,0.2034,0.6396
738465.435078965,-0.0975,0.3465,0.1995,0.6435
738465.435081201,-0.099,0.3514,0.1947,0.6451
738465.435083432,-0.1002,0.3577,0.1892,0.6471
738465.435085589,-0.1009,0.3626,0.1833,0.6468
738465.435087781,-0.1021,0.3686,0.1769,0.6476
738465.435089959,-0.1029,0.3749,0.1701,0.6479
738465.435092217,-0.1035,0.3801,0.1627,0.6463
738465.435094417,-0.1043,0.3864,0.1554,0.6461
738465.435096586,-0.1048,0.3913,0.1481,0.6442
738465.435098707,-0.1054,0.3974,0.1408,0.6436
738465.435100795,-0.1056,0.4021,0.1333,0.641
738465.435102893,-0.1057,0.4082,0.1254,0.6393
738465.43510506,-0.1057,0.4128,0.1171,0.6356
738465.435107247,-0.1052,0.4178,0.1081,0.6311
738465.435109418,-0.1044,0.4242,0.0988,0.6274
738465.435111648,-0.1036,0.4291,0.0887,0.6214
738465.435113909,-0.1027,0.4355,0.078,0.6162
738465.435116121,-0.1014,0.4405,0.0668,0.6087
738465.435118292,-0.1001,0.4467,0.0559,0.6027
738465.43512059,-0.0982,0.4519,0.0436,0.5937
738465.435122854,-0.0964,0.4584,0.0309,0.5857
738465.435125106,-0.0943,0.4634,0.0181,0.5758
738465.435127396,-0.0923,0.4698,0.0046,0.5667
738465.435129669,-0.0896,0.4751,-0.0091,0.5738
738465.435131898,-0.0873,0.4816,-0.0229,0.5918
738465.435134064,-0.0851,0.4864,-0.0363,0.6078
738465.435136274,-0.0826,0.4928,-0.0503,0.6257
738465.435138412,-0.0802,0.4991,-0.0636,0.6429
738465.435140602,-0.0778,0.5038,-0.0775,0.6591
738465.435142773,-0.0755,0.5101,-0.0916,0.6772
738465.43514494,-0.0729,0.5149,-0.1053,0.6931
738465.435146979,-0.0702,0.5211,-0.1187,0.71
738465.435149173,-0.0676,0.5274,-0.1326,0.7276
738465.435151413,-0.0648,0.5324,-0.1473,0.7445
738465.435153563,-0.0622,0.5387,-0.1614,0.7623
738465.435155799,-0.0596,0.5435,-0.1759,0.779
738465.435158014,-0.0566,0.5501,-0.1903,0.797
738465.435160206,-0.0539,0.5549,-0.2045,0.8133
738465.435162382,-0.0513,0.5612,-0.2186,0.8311
738465.435164607,-0.0484,0.5664,-0.2329,0.8477
738465.435166845,-0.0461,0.5712,-0.2467,0.864
738465.435169015,-0.044,0.5761,-0.2601,0.8802
738465.435171192,-0.0418,0.5824,-0.2726,0.8968
738465.435173464,-0.0399,0.5876,-0.2858,0.9133
738465.435175639,-0.0383,0.5925,-0.2976,0.9284
738465.435177847,-0.0369,0.5974,-0.309,0.9433
738465.435180106,-0.0357,0.6023,-0.3199,0.9579
738465.435182471,-0.0344,0.6077,-0.3311,0.9732
738465.435184712,-0.034,0.6127,-0.3412,0.9879
738465.435186936,-0.0331,0.6164,-0.3504,0.9999
738465.435189187,-0.0328,0.6213,-0.3589,1.013
738465.435191394,-0.0329,0.6262,-0.3669,1.026
738465.435193553,-0.0329,0.6312,-0.374,1.0381
738465.435195777,-0.0333,0.6361,-0.3808,1.0502
738465.435198107,-0.0338,0.6399,-0.3871,1.0608
738465.435200472,-0.0349,0.6451,-0.393,1.073
738465.435202643,-0.0359,0.6501,-0.3978,1.0838
738465.435204853,-0.0374,0.6551,-0.4021,1.0946
738465.435207153,-0.0386,0.6589,-0.4057,1.1032
738465.435209378,-0.0408,0.6638,-0.4085,1.1131
738465.435211574,-0.0429,0.6688,-0.4099,1.1216
738465.435213913,-0.0451,0.6726,-0.4097,1.1274
738465.435216199,-0.0477,0.6779,-0.4076,1.1332
738465.435218462,-0.0506,0.6814,-0.4038,1.1358
738465.435220709,-0.0532,0.6868,-0.3983,1.1383
738465.435222913,-0.0563,0.6918,-0.3915,1.1396
738465.435225223,-0.0592,0.6956,-0.3834,1.1382
738465.435227501,-0.0626,0.7009,-0.3741,1.1376
738465.435229815,-0.0661,0.7048,-0.364,1.1349
738465.435232072,-0.07,0.7098,-0.3533,1.1331
738465.435234339,-0.0734,0.7137,-0.3425,1.1296
738465.435236645,-0.0772,0.719,-0.331,1.1272
738465.435238866,-0.0809,0.7226,-0.3198,1.1233
738465.435241105,-0.0845,0.7265,-0.3083,1.1193
738465.435243325,-0.0883,0.7301,-0.2969,1.1153
738465.435245669,-0.0919,0.734,-0.2854,1.1113
738465.43524806,-0.0957,0.7382,-0.2734,1.1073
738465.435250456,-0.0993,0.7424,-0.2615,1.1032
738465.435252826,-0.1027,0.7466,-0.2502,1.0995
738465.435255049,-0.1063,0.7502,-0.2397,1.0962
738465.435257357,-0.1093,0.7526,-0.2297,1.0916
738465.435259533,-0.1118,0.7565,-0.2204,1.0887
738465.435261724,-0.1144,0.7601,-0.2116,1.0861
738465.435263943,-0.1171,0.7623,-0.2031,1.0825
738465.435266062,-0.1193,0.7644,-0.1953,1.079
738465.435268215,-0.1213,0.7681,-0.1879,1.0773
738465.435270476,-0.1232,0.7705,-0.1807,1.0744
738465.435272758,-0.125,0.7729,-0.1738,1.0717
738465.435274935,-0.1267,0.7751,-0.1677,1.0695
738465.435277192,-0.1282,0.7775,-0.1618,1.0675
738465.435279605,-0.1303,0.78,-0.1559,1.0662
738465.435282057,-0.132,0.7813,-0.1501,1.0634
738465.435284621,-0.1334,0.7831,-0.1443,1.0608
738465.435287376,-0.1353,0.7847,-0.1388,1.0588
738465.435290287,-0.1367,0.7857,-0.1331,1.0555
738465.435293307,-0.138,0.786,-0.1284,1.0524
738465.435296029,-0.139,0.787,-0.1238,1.0498
738465.435298568,-0.1395,0.7877,-0.1201,1.0473
738465.435301067,-0.1399,0.7874,-0.1173,1.0446
738465.435303548,-0.1404,0.7857,-0.1149,1.041
738465.43530606,-0.1403,0.7857,-0.113,1.039
738465.435308642,-0.1401,0.7843,-0.1115,1.0359
738465.435311099,-0.1399,0.784,-0.1105,1.0344
738465.435313486,-0.1392,0.7822,-0.11,1.0314
738465.435315961,-0.1385,0.782,-0.1099,1.0304
738465.435318486,-0.1371,0.7805,-0.1103,1.0279
738465.435320973,-0.136,0.7787,-0.1112,1.0259
738465.435323449,-0.1344,0.777,-0.1127,1.0241
738465.435326006,-0.1323,0.774,-0.1148,1.0211
738465.435328487,-0.1303,0.7722,-0.1173,1.0198
738465.435331108,-0.1274,0.771,-0.1207,1.0191
738465.435333561,-0.1248,0.7692,-0.1244,1.0184
738465.435336153,-0.1218,0.7662,-0.1289,1.0169
738465.435338703,-0.1188,0.7644,-0.1339,1.0171
738465.435341399,-0.1149,0.7617,-0.1397,1.0163
738465.435343912,-0.1111,0.7586,-0.1459,1.0156
738465.435346356,-0.1072,0.7568,-0.1523,1.0163
738465.435348763,-0.1034,0.7547,-0.1588,1.0169
738465.435351324,-0.0989,0.7517,-0.1663,1.0169
738465.435353764,-0.0945,0.7483,-0.1741,1.0169
738465.435356227,-0.0899,0.7465,-0.1821,1.0185
738465.435358705,-0.085,0.7431,-0.1905,1.0186
738465.435361117,-0.0804,0.741,-0.1991,1.0205
738465.435363567,-0.0752,0.7376,-0.2082,1.021
738465.435366033,-0.0702,0.7354,-0.2174,1.023
738465.435368633,-0.0644,0.7324,-0.2278,1.0246
738465.43537111,-0.0588,0.729,-0.238,1.0258
738465.435373558,-0.053,0.7271,-0.2481,1.0282
738465.435375986,-0.0474,0.7234,-0.2585,1.0293
738465.435378458,-0.0414,0.7215,-0.2693,1.0322
738465.435380772,-0.0355,0.7194,-0.2797,1.0346
738465.435383289,-0.0296,0.7156,-0.2905,1.0357
738465.435385718,-0.0234,0.7122,-0.3021,1.0377
738465.435388124,-0.0175,0.71,-0.3131,1.0406
738465.435390514,-0.0116,0.7063,-0.324,1.0419
738465.435392963,-0.0054,0.7044,-0.335,1.0448
738465.435395391,0.0004,0.7007,-0.346,1.0471
738465.435397785,0.0061,0.6969,-0.3567,1.0597
738465.4354003,0.0121,0.6935,-0.3675,1.0731
738465.435402867,0.018,0.69,-0.3782,1.0862
738465.435405352,0.0238,0.685,-0.3885,1.0973
738465.435407809,0.0291,0.6812,-0.3981,1.1084
738465.435410595,0.0348,0.678,-0.4086,1.1214
738465.435413146,0.0405,0.6733,-0.4182,1.132
738465.435415565,0.0455,0.6679,-0.4268,1.1402
738465.435418079,0.0501,0.6641,-0.4352,1.1494
738465.435420551,0.0552,0.659,-0.443,1.1572
738465.435423117,0.0596,0.6552,-0.4506,1.1654
738465.435425542,0.0644,0.6501,-0.4578,1.1723
738465.435427958,0.0682,0.646,-0.4642,1.1784
738465.435430416,0.0726,0.6409,-0.4706,1.1841
738465.435432971,0.0765,0.6354,-0.4761,1.188
738465.435435176,0.0797,0.631,-0.4803,1.191
738465.43543763,0.0832,0.6271,-0.4837,1.194
738465.435440094,0.0871,0.622,-0.4861,1.1952
738465.435442645,0.0903,0.6165,-0.4874,1.1942
738465.435445027,0.0937,0.6111,-0.488,1.1928
738465.435447368,0.0968,0.6053,-0.488,1.1901
738465.435449768,0.1003,0.6014,-0.4877,1.1894
738465.435452139,0.1034,0.5956,-0.4871,1.1861
738465.435454539,0.1068,0.5917,-0.4864,1.1849
738465.435456944,0.1097,0.5859,-0.4855,1.1811
738465.435459248,0.1132,0.5803,-0.4845,1.178
738465.435461664,0.1164,0.5764,-0.4834,1.1762
738465.435464016,0.1192,0.5706,-0.4823,1.1721
738465.435466351,0.1221,0.5663,-0.4811,1.1695
738465.435468673,0.1251,0.5605,-0.4799,1.1655
738465.435471023,0.1281,0.5565,-0.4785,1.1631
738465.435473372,0.1308,0.5506,-0.477,1.1584
738465.435475681,0.1334,0.5448,-0.4754,1.1536
738465.435478015,0.136,0.5405,-0.4737,1.1502
738465.435480577,0.139,0.5336,-0.4717,1.1443
738465.435482895,0.1412,0.5277,-0.4697,1.1386
738465.435485259,0.1435,0.5234,-0.4675,1.1344
738465.435487584,0.1457,0.5175,-0.4652,1.1284
738465.435489872,0.1481,0.5115,-0.4628,1.1224
738465.435492299,0.1507,0.5059,-0.4602,1.1168
738465.435494657,0.1527,0.5,-0.4575,1.1102
738465.435496983,0.1549,0.494,-0.4549,1.1038
738465.435499506,0.1574,0.4867,-0.4521,1.0962
738465.435501975,0.1601,0.4814,-0.4493,1.0908
738465.435504532,0.1624,0.4741,-0.4465,1.083
738465.435507374,0.165,0.4674,-0.4434,1.0758
738465.43550966,0.1672,0.4614,-0.4409,1.0695
738465.435512248,0.1696,0.456,-0.4381,1.0637
738465.435514806,0.1721,0.449,-0.4353,1.0564
738465.435517312,0.1743,0.442,-0.4324,1.0487
738465.435519744,0.1764,0.4362,-0.4296,1.0422
738465.435522288,0.1781,0.4289,-0.4265,1.0335
738465.435524692,0.1802,0.4231,-0.4235,1.0268
738465.435527126,0.1821,0.4157,-0.4204,1.0182
738465.435529603,0.184,0.41,-0.4172,1.0112
738465.435531935,0.1861,0.4042,-0.4141,1.0044
738465.43553436,0.1878,0.3965,-0.411,0.9953
738465.435536791,0.1896,0.3907,-0.4076,0.9879
738465.435539283,0.1916,0.3835,-0.4041,0.9792
738465.435541756,0.1934,0.3777,-0.4007,0.9718
738465.435544294,0.1949,0.3703,-0.397,0.9622
738465.43554676,0.1971,0.3631,-0.3934,0.9536
738465.435549174,0.1983,0.3569,-0.3899,0.9451
738465.435551571,0.2002,0.3494,-0.3864,0.936
738465.435554046,0.2018,0.3436,-0.3828,0.9282
738465.435556743,0.2035,0.3374,-0.3794,0.9203
738465.435559305,0.2053,0.3292,-0.375,0.9095
738465.435561825,0.2068,0.3216,-0.3712,0.8996
738465.435564222,0.2085,0.3141,-0.3676,0.8902
738465.435566648,0.2103,0.3081,-0.364,0.8824
738465.435569064,0.212,0.3006,-0.3603,0.8729
738465.435571486,0.2137,0.293,-0.3568,0.8635
738465.435574236,0.2155,0.286,-0.3527,0.8542
738465.435576699,0.2174,0.2787,-0.3491,0.8452
738465.43557922,0.219,0.2711,-0.3456,0.8357
738465.435581698,0.2206,0.2634,-0.3421,0.8261
738465.435584134,0.2225,0.2558,-0.3389,0.8172
738465.435586484,0.2245,0.2481,-0.3357,0.8083
738465.435588919,0.2264,0.2404,-0.3326,0.7994
738465.435591335,0.2282,0.2344,-0.3294,0.792
738465.435593712,0.2299,0.2264,-0.3265,0.7828
738465.435596037,0.2317,0.2184,-0.3237,0.7738
738465.435598561,0.2339,0.211,-0.3206,0.7655
738465.43560089,0.2357,0.2029,-0.3179,0.7565
738465.435603299,0.2379,0.1968,-0.3152,0.7499
738465.435605751,0.24,0.1891,-0.3126,0.7417
738465.43560812,0.2423,0.1813,-0.3101,0.7337
738465.435610617,0.2444,0.1735,-0.3077,0.7256
738465.435612932,0.2466,0.1654,-0.3056,0.7176
738465.435615261,0.2492,0.1576,-0.3035,0.7103
738465.435617525,0.251,0.1508,-0.3017,0.7035
738465.435619895,0.2538,0.143,-0.2998,0.6966
738465.435622297,0.2559,0.1349,-0.2981,0.6889
738465.435624716,0.2586,0.127,-0.2965,0.6821
738465.435627132,0.2613,0.1191,-0.295,0.6754
738465.435629461,0.2638,0.1126,-0.2937,0.6701
738465.435631792,0.2668,0.1047,-0.2925,0.664
738465.435634106,0.269,0.0979,-0.2915,0.6584
738465.435636415,0.2721,0.09,-0.2905,0.6526
738465.435638731,0.2748,0.0817,-0.2896,0.6461
738465.435641048,0.2776,0.0752,-0.2888,0.6416
738465.43564355,0.2807,0.0675,-0.2879,0.6361
738465.435646105,0.2836,0.0596,-0.2871,0.6303
738465.435648624,0.2869,0.0519,-0.2864,0.6252
738465.435651158,0.2901,0.0459,-0.2858,0.6218
738465.435653714,0.293,0.0379,-0.2853,0.6162
738465.435656154,0.2963,0.0319,-0.285,0.6132
738465.435658527,0.2997,0.0256,-0.2847,0.61
738465.435661047,0.3027,0.0192,-0.2846,0.6065
738465.435663531,0.3063,0.0132,-0.2845,0.604
738465.435666021,0.3099,0.0071,-0.2845,0.6015
738465.435668533,0.3135,0.0011,-0.2845,0.5991
738465.435671161,0.317,-0.005,-0.2847,0.6067
738465.435673438,0.3201,-0.01,-0.2848,0.6149
738465.435675997,0.3236,-0.0144,-0.2851,0.6231
738465.435678561,0.3273,-0.0205,-0.2854,0.6332
738465.435680998,0.331,-0.0249,-0.2857,0.6416
738465.435683732,0.3349,-0.0289,-0.2861,0.6499
738465.43568637,0.3392,-0.0327,-0.2866,0.6585
738465.435689134,0.3429,-0.0385,-0.2871,0.6685
738465.435691712,0.3469,-0.0409,-0.2876,0.6754
738465.435694341,0.351,-0.0451,-0.288,0.6841
738465.435697182,0.3551,-0.0489,-0.2879,0.6919
738465.435699641,0.3588,-0.0516,-0.2871,0.6975
738465.435702209,0.3629,-0.054,-0.2854,0.7023
738465.435704733,0.3667,-0.0567,-0.283,0.7064
738465.435707244,0.371,-0.0591,-0.2801,0.7102
738465.435709707,0.375,-0.0619,-0.277,0.7139
738465.43571224,0.3791,-0.0646,-0.2737,0.7174
738465.435714627,0.3831,-0.0659,-0.2706,0.7196
738465.435717113,0.3875,-0.0687,-0.2674,0.7236
738465.435719544,0.3923,-0.0714,-0.2644,0.7281
738465.435721871,0.3968,-0.0728,-0.2618,0.7314
738465.435724278,0.4013,-0.0741,-0.2593,0.7347
738465.435726636,0.406,-0.0772,-0.257,0.7402
738465.435729027,0.4112,-0.0782,-0.255,0.7444
738465.435731586,0.4164,-0.081,-0.2531,0.7505
738465.435733926,0.4214,-0.0823,-0.2516,0.7553
738465.435736186,0.4267,-0.0836,-0.2503,0.7606
738465.435738572,0.4319,-0.085,-0.2492,0.7661
738465.435740946,0.4373,-0.0881,-0.2483,0.7737
738465.435743311,0.4428,-0.0894,-0.2477,0.7799
738465.43574563,0.4483,-0.0908,-0.2471,0.7862
738465.435748,0.4537,-0.0921,-0.2466,0.7924
738465.435750433,0.4593,-0.0932,-0.246,0.7985
738465.435752922,0.4644,-0.096,-0.245,0.8054
738465.435755343,0.4694,-0.097,-0.2435,0.8099
738465.435757751,0.4734,-0.0984,-0.2414,0.8132
738465.435760102,0.4773,-0.1015,-0.2387,0.8175
738465.43576246,0.4816,-0.1026,-0.2355,0.8197
738465.435764867,0.4852,-0.104,-0.232,0.8212
738465.43576728,0.4893,-0.105,-0.2282,0.8225
738465.435769709,0.4933,-0.1082,-0.2246,0.8261
738465.435772091,0.4977,-0.1092,-0.2211,0.828
738465.435774432,0.5017,-0.1106,-0.2176,0.8299
738465.435776731,0.5059,-0.112,-0.2144,0.8323
738465.435779088,0.5102,-0.1134,-0.2113,0.8349
738465.435781442,0.5145,-0.1166,-0.2083,0.8394
738465.43578379,0.5188,-0.1179,-0.2054,0.8421
738465.435786226,0.5237,-0.119,-0.2027,0.8454
738465.435788514,0.5283,-0.1204,-0.2002,0.8489
738465.435790816,0.5325,-0.1221,-0.1979,0.8525
738465.435793075,0.5373,-0.1235,-0.1957,0.8565
738465.435795369,0.5421,-0.1249,-0.1936,0.8606
738465.435797777,0.5466,-0.1264,-0.1915,0.8645
738465.435800208,0.5516,-0.1292,-0.1892,0.87
738465.435802493,0.5561,-0.1289,-0.187,0.872
738465.435804903,0.5605,-0.1321,-0.1846,0.8772
738465.435807182,0.5648,-0.1335,-0.1821,0.8804
738465.435809495,0.569,-0.1331,-0.1794,0.8815
738465.435811905,0.573,-0.1345,-0.1764,0.8839
738465.43581427,0.5773,-0.1374,-0.1732,0.8879
738465.435817249,0.5817,-0.1382,-0.1696,0.8895
738465.435819656,0.5863,-0.1402,-0.1653,0.8918
738465.435822029,0.5902,-0.1413,-0.1614,0.8929
738465.43582433,0.5935,-0.1409,-0.1574,0.8918
738465.4358267,0.5965,-0.1423,-0.1528,0.8916
738465.43582903,0.5992,-0.1438,-0.1478,0.8908
738465.435831417,0.6021,-0.1449,-0.1422,0.8892
738465.435833744,0.6043,-0.1463,-0.1363,0.8869
738465.435836104,0.6063,-0.146,-0.13,0.8823
738465.43583844,0.6087,-0.1471,-0.1232,0.879
738465.435840757,0.6099,-0.1489,-0.1162,0.875
738465.435843227,0.6116,-0.15,-0.1084,0.87
738465.435845547,0.6131,-0.1493,-0.1003,0.8627
738465.435847887,0.6143,-0.1507,-0.0923,0.8573
738465.435850348,0.6159,-0.1515,-0.0834,0.8508
738465.435852702,0.6165,-0.1512,-0.0746,0.8423
738465.435855176,0.6172,-0.1523,-0.0652,0.8347
738465.43585754,0.6184,-0.1531,-0.0556,0.8271
738465.435859884,0.6187,-0.1527,-0.0463,0.8177
738465.435862205,0.6186,-0.1542,-0.0365,0.8093
738465.435864495,0.6188,-0.1538,-0.0269,0.7995
738465.435866857,0.6195,-0.1531,-0.0171,0.7897
738465.435869385,0.6197,-0.154,-0.0061,0.7798
738465.435871811,0.6199,-0.1551,0.0042,0.7792
738465.435874268,0.6203,-0.1541,0.0149,0.7893
738465.435876619,0.6203,-0.1555,0.0249,0.8007
738465.435879057,0.6208,-0.1564,0.0353,0.8125
738465.435881434,0.6205,-0.156,0.0452,0.8217
738465.435883863,0.6211,-0.1568,0.0553,0.8332
738465.435886347,0.6206,-0.158,0.0659,0.8445
738465.435888746,0.6209,-0.1569,0.0761,0.8539
738465.435891156,0.6209,-0.1581,0.0862,0.8652
738465.435893564,0.6203,-0.1574,0.0967,0.8744
738465.435895869,0.6203,-0.1585,0.1066,0.8854
738465.435898267,0.6203,-0.1578,0.1166,0.8947
738465.435900612,0.6201,-0.159,0.1267,0.9058
738465.435902997,0.6193,-0.1586,0.1367,0.9146
738465.435905402,0.6191,-0.1595,0.1472,0.9258
738465.435907724,0.619,-0.1606,0.157,0.9366
738465.435910268,0.6189,-0.1596,0.1673,0.9458
738465.435912601,0.6187,-0.1607,0.1771,0.9565
738465.435914949,0.6184,-0.16,0.1868,0.9652
738465.435917321,0.6184,-0.1612,0.1962,0.9758
738465.435919589,0.6185,-0.1605,0.2054,0.9844
738465.435921904,0.6184,-0.1601,0.2143,0.9928
738465.435924271,0.6184,-0.1613,0.2233,1.003
738465.43592662,0.6185,-0.1606,0.2323,1.0114
738465.435928942,0.6188,-0.1618,0.2408,1.0214
738465.43593137,0.6186,-0.1611,0.2494,1.0291
738465.435933839,0.6184,-0.16,0.2583,1.0367
738465.435936232,0.6181,-0.1608,0.267,1.0459
738465.435938772,0.6173,-0.1598,0.276,1.0531
738465.435941284,0.6161,-0.1603,0.2859,1.0623
738465.43594385,0.6148,-0.1589,0.2961,1.0698
738465.435946184,0.613,-0.1601,0.3059,1.079
738465.435948661,0.6108,-0.159,0.3167,1.0865
738465.435951071,0.6091,-0.158,0.3273,1.0944
738465.43595358,0.6067,-0.1588,0.3386,1.1041
738465.435956156,0.6038,-0.1574,0.3509,1.1121
738465.435958622,0.6013,-0.1564,0.3623,1.12
738465.435961172,0.599,-0.1569,0.3741,1.13
738465.435963792,0.5963,-0.1555,0.3863,1.1381
738465.435966305,0.594,-0.156,0.398,1.148
738465.435968758,0.5918,-0.1546,0.4095,1.1559
738465.435971217,0.5897,-0.1535,0.4205,1.1637
738465.435973643,0.5878,-0.1524,0.4313,1.1715
738465.435976053,0.5866,-0.1513,0.4415,1.1794
738465.435978488,0.5856,-0.1503,0.4513,1.1872
738465.435980929,0.585,-0.1492,0.4607,1.1949
738465.435983361,0.5849,-0.1481,0.4694,1.2024
738465.435985729,0.5852,-0.147,0.4774,1.2096
738465.435988273,0.5861,-0.1456,0.4851,1.2168
738465.4359908,0.5868,-0.1445,0.4921,1.2234
738465.43599327,0.5884,-0.1431,0.4983,1.2298
738465.435995731,0.5904,-0.1416,0.5037,1.2357
738465.435998252,0.5923,-0.1402,0.5087,1.2412
738465.436000896,0.594,-0.1387,0.5131,1.2458
738465.436003336,0.5958,-0.1373,0.5171,1.2502
738465.436005839,0.5973,-0.1362,0.5209,1.2544
738465.436008198,0.5994,-0.1328,0.5245,1.2567
738465.436010633,0.6006,-0.1317,0.5281,1.2604
738465.436013023,0.6018,-0.1306,0.5317,1.2641
738465.436015388,0.6027,-0.1275,0.5356,1.2658
738465.43601773,0.6032,-0.1264,0.54,1.2696
738465.43602011,0.6025,-0.1237,0.5452,1.2714
738465.436022434,0.6023,-0.1225,0.5509,1.2757
738465.436024783,0.601,-0.1194,0.5578,1.2782
738465.436027155,0.5989,-0.1183,0.5657,1.2829
738465.436029538,0.5969,-0.1152,0.5743,1.2864
738465.436031913,0.5941,-0.1121,0.5841,1.2903
738465.436034214,0.5915,-0.1113,0.5939,1.2967
738465.436036604,0.5887,-0.1082,0.6046,1.3015
738465.436038854,0.5862,-0.1054,0.6148,1.3064
738465.436041169,0.5837,-0.1043,0.6253,1.3133
738465.436043501,0.5809,-0.1015,0.6355,1.3179
738465.4360459,0.5781,-0.0984,0.6459,1.3224
738465.436048303,0.5754,-0.0952,0.656,1.3266
738465.436050648,0.573,-0.0921,0.6657,1.3308
738465.43605298,0.571,-0.0909,0.675,1.3369
738465.436055467,0.5688,-0.0874,0.6846,1.3408
738465.436058157,0.5661,-0.0842,0.694,1.3443
738465.436060588,0.5638,-0.08,0.704,1.3478
738465.436062998,0.5621,-0.0764,0.7125,1.351
738465.436065576,0.5598,-0.0749,0.7207,1.3554
738465.436068193,0.5584,-0.0706,0.7277,1.3567
738465.436070625,0.5567,-0.0674,0.7321,1.3562
738465.436073134,0.5553,-0.0634,0.7349,1.3536
738465.436075556,0.5532,-0.0602,0.7359,1.3493
738465.436077854,0.5519,-0.057,0.7357,1.3446
738465.436080299,0.5501,-0.0518,0.7345,1.3364
738465.436082691,0.5488,-0.0482,0.7327,1.3297
738465.436085135,0.5466,-0.0449,0.7306,1.3221
738465.436087628,0.5447,-0.0413,0.7282,1.3142
738465.436090124,0.5423,-0.0377,0.7259,1.3059
738465.436092533,0.5404,-0.034,0.7239,1.2983
738465.436094883,0.5372,-0.0287,0.7221,1.288
738465.436097231,0.5346,-0.0254,0.7207,1.2807
738465.43609958,0.5319,-0.0221,0.7197,1.2737
738465.436101922,0.5282,-0.0172,0.7191,1.2645
738465.436104414,0.524,-0.0135,0.7189,1.2564
738465.436106795,0.5199,-0.0098,0.7193,1.249
738465.436109256,0.5148,-0.0065,0.7204,1.2417
738465.436111842,0.5099,-0.0004,0.7224,1.2327
738465.436114436,0.5035,-0.0037,0.7254,1.2326
738465.436116982,0.4972,-0.0074,0.7288,1.2334
738465.436119491,0.4909,-0.0115,0.733,1.2354
738465.436121922,0.4839,-0.0169,0.7374,1.2382
738465.436124406,0.477,-0.0211,0.7425,1.2406
738465.436126804,0.4693,-0.0265,0.7479,1.2437
738465.436129221,0.4618,-0.0303,0.7537,1.2458
738465.436131636,0.4544,-0.0337,0.7596,1.2477
738465.436134002,0.4464,-0.0391,0.7659,1.2514
738465.436136273,0.4391,-0.0446,0.7721,1.2558
738465.436138556,0.4309,-0.0481,0.7788,1.2578
738465.436140893,0.4227,-0.0536,0.7857,1.262
738465.43614332,0.4139,-0.057,0.7929,1.2638
738465.43614576,0.4052,0.0629,0.8004,1.2685
738465.436148226,0.396,0.0664,0.808,1.2704
738465.436150796,0.3871,0.0706,0.8159,1.2736
738465.436153435,0.3765,0.0769,0.8243,1.2777
738465.436156483,0.3658,0.0823,0.8331,1.2812
738465.436158829,0.3563,0.0862,0.8396,1.2821
738465.436161097,0.3465,0.0914,0.8445,1.2824
738465.436163479,0.3366,0.097,0.8482,1.2818
738465.436165847,0.3271,0.1009,0.8507,1.2787
738465.436168194,0.3167,0.1066,0.852,1.2753
738465.43617049,0.3066,0.1097,0.8524,1.2687
738465.436172832,0.2961,0.1154,0.8523,1.2638
738465.436175198,0.2855,0.1189,0.8518,1.2562
738465.436177723,0.2742,0.1254,0.8511,1.2507
738465.436180139,0.2619,0.129,0.8504,1.2413
738465.436182557,0.2497,0.1351,0.8498,1.2346
738465.436184979,0.2382,0.139,0.8494,1.2266
738465.436187422,0.2254,0.1448,0.8492,1.2194
738465.436189806,0.213,0.1488,0.8492,1.211
738465.436191989,0.2012,0.1541,0.8492,1.2045
738465.436194284,0.1883,0.1595,0.8489,1.1967
738465.436196604,0.1757,0.1631,0.8481,1.1869
738465.436198976,0.1632,0.1689,0.8466,1.1787
738465.436201322,0.1519,0.1726,0.8442,1.1687
738465.43620363,0.1408,0.1784,0.8408,1.16
738465.436205942,0.1301,0.1838,0.8365,1.1504
738465.43620825,0.1204,0.1875,0.8309,1.1388
738465.436210588,0.1117,0.1933,0.8242,1.1292
738465.43621285,0.1035,0.1967,0.8164,1.1166
738465.436215128,0.0964,0.2021,0.8073,1.1058
738465.436217415,0.0902,0.2076,0.7971,1.0949
738465.436219656,0.0849,0.2109,0.7856,1.0814
738465.436222015,0.0803,0.2168,0.7724,1.0695
738465.436224347,0.0769,0.2206,0.7583,1.0558
738465.436226685,0.0727,0.2261,0.743,1.0418
738465.436229008,0.0695,0.2299,0.7271,1.0265
738465.436231359,0.0663,0.2358,0.7106,1.0127
738465.436233693,0.0626,0.2392,0.6938,0.9956
738465.436235967,0.0593,0.2448,0.6771,0.9812
738465.436238237,0.0559,0.2504,0.6604,0.9667
738465.436240547,0.0524,0.2538,0.6435,0.9497
738465.436242854,0.0491,0.2598,0.6263,0.9352
738465.436245158,0.0452,0.2632,0.6095,0.9179
738465.43624741,0.0409,0.2684,0.5933,0.9026
738465.436249705,0.0369,0.2741,0.5771,0.8881
738465.436251938,0.033,0.2775,0.5614,0.8719
738465.436254284,0.0278,0.2836,0.5444,0.8558
738465.436256594,0.0232,0.2892,0.5291,0.8415
738465.436258847,0.0179,0.2923,0.5144,0.8246
738465.436261152,0.0125,0.298,0.4997,0.8102
738465.436263534,0.0069,0.3037,0.4854,0.796
738465.436266045,0.0006,0.3081,0.4703,0.779
738465.436268521,-0.0062,0.3146,0.4558,0.7766
738465.436270938,-0.0136,0.3182,0.4424,0.7742
738465.436273429,-0.0207,0.3247,0.4294,0.7748
738465.436275778,-0.0287,0.3305,0.4175,0.7767
738465.436278136,-0.0365,0.3367,0.406,0.7792
738465.436280468,-0.0445,0.3403,0.3954,0.7802
738465.436282716,-0.0525,0.3456,0.3857,0.7838
738465.436285011,-0.0602,0.3514,0.3761,0.7877
738465.436287333,-0.068,0.3573,0.3668,0.7921
738465.436289577,-0.0756,0.3627,0.3581,0.7964
738465.436292151,-0.0838,0.3667,0.3486,0.7991
738465.436294406,-0.0922,0.373,0.339,0.8042
738465.436296692,-0.0995,0.3784,0.3306,0.8085
738465.436299027,-0.1072,0.3843,0.3216,0.8131
738465.436301405,-0.1152,0.388,0.3124,0.8156
738465.436303746,-0.1229,0.3939,0.3034,0.8202
738465.436306002,-0.1302,0.3994,0.2947,0.8243
738465.436308207,-0.1377,0.4049,0.286,0.8286
738465.436310542,-0.145,0.4108,0.277,0.8328
738465.436312863,-0.1528,0.4164,0.2682,0.8374
738465.43631512,-0.16,0.4223,0.2594,0.8417
738465.436317353,-0.1673,0.4256,0.2509,0.8438
738465.436319692,-0.1753,0.4312,0.2424,0.8489
738465.436321986,-0.1827,0.4372,0.2345,0.8544
738465.436324306,-0.1905,0.4432,0.2278,0.8615
738465.436326618,-0.1989,0.4488,0.2231,0.8708
738465.436328879,-0.2059,0.4548,0.2207,0.8814
738465.436331172,-0.2139,0.4605,0.2206,0.895
738465.436333534,-0.222,0.4638,0.2228,0.9086
738465.436336001,-0.2303,0.4703,0.2271,0.9277
738465.436338371,-0.2379,0.4769,0.233,0.9478
738465.436340804,-0.2459,0.4807,0.2398,0.9664
738465.436343241,-0.2531,0.485,0.2473,0.9854
738465.436345619,-0.261,0.4912,0.2554,1.0076
738465.43634791,-0.268,0.495,0.2633,1.0263
738465.436350094,-0.2742,0.4985,0.2705,1.0432
738465.436352323,-0.2806,0.5042,0.2778,1.0626
738465.43635469,-0.2865,0.5081,0.2851,1.0797
738465.436356984,-0.2928,0.512,0.2923,1.0971
738465.436359265,-0.2987,0.5155,0.2988,1.113
738465.436361651,-0.3043,0.5194,0.3051,1.1288
738465.436363895,-0.3098,0.5229,0.3108,1.1435
738465.436366157,-0.3142,0.5269,0.316,1.1571
738465.436368461,-0.3193,0.5281,0.3208,1.1682
738465.436370743,-0.3235,0.532,0.3252,1.1807
738465.43637307,-0.3273,0.536,0.3292,1.1925
738465.436375348,-0.3317,0.5373,0.3327,1.2017
738465.436377745,-0.3353,0.5412,0.3358,1.2123
738465.436380184,-0.3387,0.5434,0.3385,1.2206
738465.436382549,-0.342,0.5474,0.3407,1.2301
738465.436384954,-0.3443,0.5496,0.3423,1.2362
738465.43638728,-0.3469,0.5513,0.3435,1.2417
738465.436389605,-0.3486,0.5553,0.3442,1.2481
738465.436391891,-0.351,0.5566,0.3445,1.2521
738465.436394333,-0.3525,0.5583,0.3443,1.2551
738465.43639671,-0.353,0.5605,0.3436,1.2571
738465.436399032,-0.3534,0.5622,0.3422,1.2578
738465.43640125,-0.3528,0.5658,0.34,1.2586
738465.436403566,-0.3513,0.5676,0.3368,1.2557
738465.436405895,-0.3494,0.5689,0.3327,1.251
738465.436408193,-0.3462,0.5706,0.3274,1.2442
738465.436410539,-0.3432,0.5719,0.3212,1.2363
738465.436412884,-0.3386,0.5741,0.314,1.2267
738465.43641515,-0.3351,0.575,0.3067,1.2168
738465.436417337,-0.3301,0.5767,0.2988,1.2056
738465.436419556,-0.326,0.5776,0.2908,1.1944
738465.436421756,-0.3211,0.5789,0.2823,1.1823
738465.436423949,-0.3166,0.5797,0.2737,1.17
738465.436426156,-0.3113,0.5787,0.2648,1.1548
738465.436428373,-0.3058,0.58,0.2558,1.1416
738465.436430608,-0.3011,0.5809,0.2464,1.1284
738465.436432803,-0.2954,0.5822,0.2372,1.1148
738465.43643515,-0.2898,0.5835,0.2277,1.101
738465.43643745,-0.284,0.5853,0.2172,1.0865
738465.436439683,-0.2782,0.5843,0.2075,1.07
738465.436441915,-0.2722,0.5856,0.1979,1.0557
738465.436444094,-0.2668,0.5865,0.1883,1.0416
738465.436446385,-0.2608,0.5878,0.1785,1.0271
738465.436448621,-0.2553,0.5887,0.1689,1.0129
738465.436450858,-0.2492,0.59,0.1594,0.9986
738465.436453045,-0.2429,0.5914,0.1505,0.9848
738465.436455209,-0.2372,0.5923,0.1424,0.9719
738465.436457453,-0.2308,0.5936,0.135,0.9594
738465.436459727,-0.2252,0.5945,0.1283,0.948
738465.436462031,-0.2189,0.5958,0.1219,0.9366
738465.436464274,-0.2119,0.5953,0.1161,0.9233
738465.4364666,-0.2056,0.5967,0.1107,0.913
738465.436468817,-0.1998,0.5975,0.1056,0.9029
738465.436471158,-0.1933,0.5989,0.1008,0.893
738465.436473602,-0.1864,0.6008,0.0958,0.883
738465.436476241,-0.1787,0.6036,0.0904,0.8727
738465.436478796,-0.1715,0.6035,0.0852,0.8602
738465.43648134,-0.1642,0.6058,0.0803,0.8503
738465.436483873,-0.1571,0.6082,0.0755,0.8408
738465.43648622,-0.1507,0.6101,0.0711,0.8319
738465.436488628,-0.144,0.6119,0.067,0.8229
738465.436491032,-0.138,0.6138,0.063,0.8148
738465.436493219,-0.1329,0.6147,0.0596,0.8072
738465.436495406,-0.1277,0.6157,0.0565,0.7999
738465.436497762,-0.1221,0.6176,0.0533,0.793
738465.436500059,-0.1165,0.6195,0.0506,0.7866
738465.436502376,-0.1126,0.6228,0.0481,0.7835
738465.436504715,-0.1076,0.6247,0.0456,0.7779
738465.436507006,-0.1035,0.6262,0.0427,0.7724
738465.436509309,-0.0996,0.6276,0.039,0.7662
738465.436511526,-0.0959,0.6315,0.0344,0.7618
738465.43651366,-0.0936,0.6319,0.0293,0.7548
738465.436515841,-0.0913,0.6354,0.0235,0.7502
738465.436517921,-0.0889,0.6363,0.0177,0.7429
738465.436520084,-0.0873,0.6397,0.0118,0.7388
738465.436522272,-0.0859,0.6432,0.0059,0.735
738465.436524483,-0.085,0.6441,0.0001,0.7292
738465.436526782,-0.0838,0.6456,-0.0056,0.735
738465.436529085,-0.0832,0.6496,-0.011,0.7438
738465.43653133,-0.0833,0.6505,-0.0161,0.7499
738465.436533621,-0.0829,0.6545,-0.0208,0.7582
738465.4365359,-0.0827,0.656,-0.0251,0.7638
738465.436538515,-0.0832,0.6585,-0.0296,0.7713
738465.436540729,-0.0841,0.6624,-0.0333,0.7798
738465.436542901,-0.0848,0.6634,-0.0363,0.7845
738465.436545152,-0.0857,0.6674,-0.0392,0.7923
738465.436547367,-0.0871,0.6684,-0.0416,0.7971
738465.436549554,-0.0885,0.672,-0.0437,0.8042
738465.436551729,-0.0905,0.673,-0.0455,0.809
738465.43655389,-0.0926,0.6765,-0.047,0.8161
738465.436556104,-0.0951,0.6775,-0.0481,0.8207
738465.436558305,-0.0981,0.6786,-0.049,0.8257
738465.436560582,-0.1009,0.6826,-0.0495,0.833
738465.436562894,-0.1037,0.6841,-0.0497,0.8375
738465.436565415,-0.1076,0.6862,-0.0495,0.8433
738465.436567812,-0.1118,0.6857,-0.049,0.8465
738465.436570247,-0.1156,0.6878,-0.0481,0.8515
738465.436572598,-0.1204,0.6893,-0.0469,0.8566
738465.436574942,-0.1255,0.6909,-0.0453,0.8617
738465.436577267,-0.1299,0.693,-0.0435,0.8664
738465.436579445,-0.1347,0.694,-0.0415,0.8702
738465.43658163,-0.1399,0.6951,-0.0392,0.8742
738465.436583849,-0.1452,0.6961,-0.0367,0.878
738465.436586059,-0.1509,0.6946,-0.0338,0.8793
738465.436588354,-0.1565,0.6962,-0.0307,0.8834
738465.436590536,-0.1624,0.6973,-0.0275,0.8872
738465.436592862,-0.1692,0.6958,-0.0239,0.8889
738465.436595151,-0.1759,0.6974,-0.02,0.8933
738465.43659758,-0.1828,0.6969,-0.0157,0.8954
738465.436600023,-0.1903,0.699,-0.0111,0.9004
738465.436602523,-0.198,0.6991,-0.0061,0.9032
738465.436604921,-0.2055,0.6981,-0.0013,0.9049
738465.436607135,-0.213,0.6971,0.0036,0.9137
738465.436609444,-0.2204,0.6987,0.0087,0.9278
738465.436611612,-0.2279,0.6972,0.0136,0.9387
738465.436613815,-0.2359,0.6978,0.0187,0.9524
738465.436616135,-0.2443,0.6968,0.0242,0.9653
738465.436618453,-0.2519,0.6963,0.0299,0.9781
738465.436620709,-0.2609,0.6948,0.0355,0.9912
738465.436622978,-0.2693,0.6964,0.0412,1.0069
738465.436625321,-0.2775,0.6954,0.0469,1.0198
738465.436627732,-0.2866,0.6949,0.0532,1.0347
738465.436630097,-0.2961,0.6939,0.0593,1.0493
738465.436632392,-0.3043,0.6929,0.065,1.0622
738465.436634719,-0.3127,0.6925,0.071,1.0762
738465.436637164,-0.3219,0.6915,0.0768,1.0902
738465.436639689,-0.3308,0.6915,0.0829,1.1052
738465.436642255,-0.3404,0.6916,0.089,1.121
738465.436644998,-0.3498,0.6921,0.095,1.1369
738465.436647312,-0.3595,0.6917,0.1007,1.1519
738465.436649729,-0.3678,0.6912,0.1059,1.1649
738465.436652078,-0.376,0.6907,0.1111,1.1778
738465.436654452,-0.3854,0.6897,0.1163,1.1914
738465.436656801,-0.3931,0.6892,0.1212,1.2035
738465.436659105,-0.4016,0.6908,0.126,1.2184
738465.436661312,-0.4095,0.6898,0.1307,1.23
738465.436663427,-0.4172,0.6904,0.1349,1.2425
738465.43666564,-0.4258,0.6888,0.1394,1.254
738465.436667823,-0.4329,0.6905,0.1436,1.267
738465.436669966,-0.4404,0.6889,0.1477,1.277
738465.436672174,-0.4484,0.69,0.1519,1.2903
738465.436674436,-0.4562,0.689,0.156,1.3012
738465.436676605,-0.4638,0.6874,0.1599,1.3111
738465.436678872,-0.4711,0.6891,0.1637,1.3239
738465.436681013,-0.4788,0.687,0.1671,1.3329
738465.436683157,-0.4847,0.6886,0.1701,1.3434
738465.43668535,-0.4908,0.687,0.1727,1.3505
738465.436687582,-0.4966,0.6882,0.1748,1.3596
738465.43668982,-0.5013,0.6871,0.1763,1.3647
738465.436691979,-0.5056,0.6882,0.177,1.3708
738465.436694157,-0.5089,0.6867,0.177,1.3726
738465.436696431,-0.5127,0.6856,0.1762,1.3745
738465.436698611,-0.5144,0.6873,0.1747,1.3764
738465.436700977,-0.5162,0.6862,0.1723,1.3747
738465.436703341,-0.5173,0.6852,0.1691,1.3716
738465.436705713,-0.5171,0.6847,0.165,1.3668
738465.436708214,-0.517,0.6842,0.1598,1.361
738465.436710522,-0.5155,0.6837,0.1539,1.3531
738465.436712831,-0.5134,0.6854,0.1477,1.3465
738465.436715067,-0.5106,0.6843,0.1408,1.3357
738465.436717338,-0.5073,0.6833,0.1331,1.3237
738465.436719624,-0.5041,0.6844,0.125,1.3135
738465.436721866,-0.4995,0.6833,0.1162,1.299
738465.43672412,-0.4951,0.6817,0.1069,1.2837
738465.43672637,-0.4897,0.6834,0.097,1.2701
738465.436728588,-0.4848,0.6818,0.0869,1.2535
738465.43673088,-0.4791,0.6835,0.0763,1.2389
738465.436733131,-0.4733,0.6824,0.0655,1.2212
738465.436735494,-0.4678,0.6841,0.0543,1.2062
738465.436737887,-0.4626,0.6831,0.0429,1.1886
738465.436740365,-0.4574,0.6825,0.0308,1.1707
738465.436742793,-0.4522,0.682,0.0192,1.1534
738465.436745268,-0.4472,0.6815,0.008,1.1367
738465.43674773,-0.443,0.6838,-0.0029,1.1297
738465.436750056,-0.4386,0.6833,-0.0129,1.1348
738465.436752268,-0.4354,0.6844,-0.0216,1.1414
738465.436754464,-0.4326,0.6828,-0.0299,1.1453
738465.436756654,-0.4299,0.6839,-0.0376,1.1514
738465.436758833,-0.4272,0.6823,-0.0448,1.1543
738465.436761033,-0.4258,0.6829,-0.0516,1.1603
738465.436763148,-0.4238,0.6841,-0.0581,1.166
738465.436765351,-0.4223,0.6824,-0.0643,1.169
738465.436767538,-0.4217,0.683,-0.07,1.1747
738465.436769712,-0.4208,0.6842,-0.0754,1.1804
738465.436771941,-0.4201,0.6825,-0.0805,1.1831
738465.436774041,-0.4195,0.6837,-0.0852,1.1884
738465.436776399,-0.42,0.682,-0.0898,1.1918
738465.436778716,-0.4206,0.6838,-0.0941,1.1985
738465.436780955,-0.4218,0.6821,-0.0979,1.2018
738465.436783294,-0.4228,0.681,-0.1014,1.2052
738465.436785583,-0.4243,0.6828,-0.1045,1.2116
738465.436787933,-0.4266,0.6817,-0.1073,1.2156
738465.436790511,-0.4295,0.6812,-0.1098,1.2205
738465.436792705,-0.4324,0.6829,-0.1117,1.227
738465.436794826,-0.4353,0.6807,-0.1131,1.2291
738465.436797037,-0.4388,0.6818,-0.1143,1.2349
738465.436799245,-0.4424,0.6802,-0.1151,1.2377
738465.436801497,-0.4466,0.6814,-0.1157,1.2437
738465.436803599,-0.4501,0.6825,-0.116,1.2486
738465.436805917,-0.4541,0.6809,-0.1162,1.2512
738465.436808089,-0.4581,0.682,-0.1163,1.2564
738465.436810285,-0.4616,0.6832,-0.1165,1.2613
738465.436812573,-0.4657,0.6816,-0.117,1.2643
738465.436814861,-0.4686,0.6828,-0.1177,1.2691
738465.436817181,-0.4701,0.6822,-0.119,1.2713
738465.436819435,-0.4718,0.6834,-0.1207,1.2759
738465.436821709,-0.4727,0.6823,-0.1233,1.2783
738465.436823957,-0.4731,0.6835,-0.1262,1.2828
738465.436826237,-0.473,0.6818,-0.1298,1.2846
738465.436828427,-0.4721,0.683,-0.1339,1.289
738465.436830716,-0.4716,0.6842,-0.1386,1.2944
738465.436832945,-0.47,0.6855,-0.1435,1.299
738465.436835199,-0.4688,0.6837,-0.1489,1.3014
738465.436837376,-0.4666,0.685,-0.1542,1.3058
738465.436839619,-0.4643,0.6862,-0.16,1.3105
738465.436841859,-0.4621,0.6874,-0.166,1.3155
738465.436844061,-0.4594,0.6857,-0.1722,1.3173
738465.436846267,-0.4566,0.6869,-0.1784,1.3219
738465.436848477,-0.4538,0.6882,-0.1848,1.3268
738465.43685069,-0.4513,0.6858,-0.1913,1.3284
738465.436852908,-0.4477,0.6871,-0.1981,1.3329
738465.436855086,-0.4442,0.6848,-0.2049,1.3339
738465.436857344,-0.4401,0.686,-0.2122,1.3383
738465.436859489,-0.4353,0.6843,-0.2197,1.3393
738465.436861762,-0.4305,0.6855,-0.2275,1.3435
738465.436863926,-0.4251,0.6838,-0.2355,1.3444
738465.436866165,-0.4205,0.6814,-0.2438,1.3457
738465.436868351,-0.4143,0.6827,-0.252,1.349
738465.436870598,-0.4091,0.6803,-0.2609,1.3503
738465.436872814,-0.4025,0.6786,-0.2697,1.3508
738465.436875233,-0.3955,0.6774,-0.2795,1.3524
738465.436877613,-0.389,0.6756,-0.2895,1.3541
738465.436879978,-0.3807,0.6751,-0.3,1.3558
738465.436882344,-0.3737,0.6733,-0.3102,1.3572
738465.436884708,-0.3656,0.6721,-0.3208,1.3585
738465.43688697,-0.3588,0.6698,-0.3309,1.3595
738465.436889117,-0.3507,0.668,-0.341,1.3597
738465.436891297,-0.3433,0.6656,-0.3508,1.3597
738465.436893571,-0.3352,0.6638,-0.3611,1.3601
738465.436895726,-0.3277,0.6614,-0.371,1.3601
738465.436897962,-0.3203,0.659,-0.3807,1.36
738465.436900194,-0.3118,0.6541,-0.3899,1.3558
738465.436902438,-0.3042,0.6517,-0.3981,1.354
738465.43690473,-0.2959,0.6498,-0.4059,1.3516
738465.436906887,-0.288,0.6474,-0.4126,1.348
738465.436909096,-0.2801,0.6449,-0.4189,1.3439
738465.436911321,-0.2713,0.6431,-0.425,1.3394
738465.436913516,-0.2632,0.6406,-0.4307,1.3345
738465.436915766,-0.255,0.6351,-0.4364,1.3265
738465.436918062,-0.246,0.6332,-0.4421,1.3213
738465.436920324,-0.237,0.6314,-0.4479,1.3163
738465.436922638,-0.2279,0.6264,-0.4538,1.3081
738465.436924885,-0.2185,0.6245,-0.4596,1.3026
738465.436927147,-0.2101,0.622,-0.4654,1.2975
738465.436929415,-0.2007,0.6201,-0.4714,1.2922
738465.436931631,-0.1919,0.6176,-0.4771,1.2866
738465.436933812,-0.1832,0.612,-0.4831,1.2783
738465.436935986,-0.1743,0.6095,-0.4889,1.2727
738465.436938139,-0.1656,0.6069,-0.4947,1.2672
738465.436940338,-0.1572,0.6044,-0.5005,1.2621
738465.436942585,-0.149,0.6018,-0.5063,1.2571
738465.436944832,-0.1399,0.5999,-0.512,1.2518
738465.436947116,-0.1317,0.5942,-0.5176,1.2435
738465.43694928,-0.1237,0.5916,-0.5231,1.2384
738465.436951541,-0.1147,0.5896,-0.5284,1.2327
738465.43695374,-0.1068,0.587,-0.5336,1.2274
738465.436955948,-0.0989,0.5844,-0.5386,1.2219
738465.436958186,-0.0913,0.5818,-0.5436,1.2167
738465.436960388,-0.0836,0.5761,-0.5484,1.2081
738465.436962607,-0.0761,0.5735,-0.5531,1.2027
738465.436964733,-0.0683,0.5708,-0.5575,1.1966
738465.436967058,-0.0602,0.5688,-0.5621,1.1911
738465.436969245,-0.0528,0.5662,-0.5663,1.1853
738465.436971498,-0.0457,0.5635,-0.5705,1.1797
738465.436973688,-0.0387,0.5609,-0.5745,1.1741
738465.436975952,-0.0314,0.5582,-0.5781,1.1677
738465.436978092,-0.0246,0.5555,-0.5817,1.1618
738465.436980331,-0.0169,0.5503,-0.5851,1.1523
738465.436982623,-0.0105,0.5476,-0.5881,1.1462
738465.436984835,-0.0037,0.5449,-0.5907,1.1393
738465.436987131,0.0031,0.5428,-0.5932,1.1391
738465.436989476,0.0092,0.5401,-0.5953,1.1446
738465.436991751,0.0161,0.5348,-0.5971,1.148
738465.436994022,0.0228,0.5327,-0.5987,1.1542
738465.436996293,0.0287,0.53,-0.5999,1.1586
738465.436998521,0.0353,0.5279,-0.6009,1.1641
738465.437000816,0.0408,0.5252,-0.6016,1.1676
738465.437003078,0.0469,0.523,-0.6022,1.1721
738465.437005389,0.052,0.5203,-0.6025,1.1748
738465.43700758,0.0571,0.5175,-0.6026,1.1772
738465.43700982,0.0621,0.5147,-0.6025,1.1793
738465.437012046,0.0678,0.5126,-0.6021,1.1825
738465.437014318,0.0715,0.5098,-0.6013,1.1826
738465.437016468,0.0746,0.507,-0.5999,1.1815
738465.437018616,0.0767,0.5035,-0.5981,1.1783
738465.437020827,0.0785,0.504,-0.5957,1.1782
738465.437023064,0.0807,0.5018,-0.5927,1.1752
738465.43702528,0.082,0.499,-0.5893,1.1703
738465.437027616,0.0833,0.4968,-0.5854,1.1655
738465.437029939,0.0839,0.4946,-0.5812,1.1597
738465.43703226,0.0848,0.4924,-0.5771,1.1543
738465.437034631,0.0854,0.4869,-0.5728,1.1451
738465.437036986,0.0853,0.4847,-0.5686,1.1386
738465.437039265,0.0863,0.4825,-0.5647,1.1335
738465.437041575,0.0866,0.4803,-0.5607,1.1276
738465.437043834,0.0861,0.4774,-0.5569,1.1204
738465.43704603,0.086,0.4778,-0.5534,1.1172
738465.437048296,0.0869,0.4756,-0.5498,1.1123
738465.437050662,0.0862,0.4733,-0.5461,1.1056
738465.437053067,0.0853,0.471,-0.5423,1.0986
738465.437055828,0.0854,0.4674,-0.538,1.0908
738465.437058194,0.0829,0.4658,-0.5334,1.0821
738465.43706058,0.0823,0.4641,-0.529,1.0754
738465.437062939,0.08,0.4585,-0.5242,1.0627
738465.437065243,0.0788,0.4568,-0.5191,1.0547
738465.437067422,0.0757,0.4566,-0.5141,1.0464
738465.437069711,0.074,0.4543,-0.5087,1.037
738465.437071882,0.0716,0.4513,-0.5031,1.026
738465.437074053,0.0693,0.4483,-0.4974,1.015
738465.437076295,0.0675,0.446,-0.4915,1.005
738465.437078613,0.0648,0.4437,-0.4851,0.9936
738465.437080905,0.0618,0.4447,-0.4787,0.9852
738465.437083143,0.0584,0.4417,-0.4724,0.9725
738465.43708537,0.0559,0.4394,-0.4661,0.9614
738465.437087639,0.0522,0.4363,-0.4597,0.9482
738465.437089934,0.0494,0.434,-0.4534,0.9368
738465.437092166,0.0469,0.4316,-0.4471,0.9256
738465.437094485,0.0435,0.4292,-0.4406,0.9133
738465.437096725,0.041,0.4268,-0.4344,0.9022
738465.437098944,0.0375,0.4237,-0.4283,0.8895
738465.437101183,0.0349,0.4248,-0.4223,0.882
738465.43710347,0.0321,0.4224,-0.4162,0.8707
738465.437105777,0.0296,0.42,-0.4103,0.8599
738465.437108086,0.0266,0.4175,-0.4045,0.8486
738465.437110272,0.0247,0.4144,-0.3994,0.8385
738465.437112559,0.0224,0.412,-0.3942,0.8286
738465.437114823,0.0209,0.4096,-0.3895,0.82
738465.437117072,0.0197,0.4071,-0.385,0.8118
738465.437119296,0.0178,0.4075,-0.381,0.8063
738465.437121657,0.0163,0.405,-0.3771,0.7984
738465.437123985,0.0161,0.3997,-0.3735,0.7893
738465.43712629,0.0156,0.4007,-0.3704,0.7867
738465.437128632,0.0149,0.3982,-0.3675,0.7806
738465.437130957,0.0156,0.3964,-0.3649,0.7769
738465.437133308,0.016,0.3939,-0.3628,0.7727
738465.437135681,0.0167,0.3886,-0.3608,0.7661
738465.437137946,0.0175,0.386,-0.3593,0.7628
738465.437140209,0.0184,0.3864,-0.3581,0.7629
738465.437142632,0.02,0.3845,-0.3571,0.7616
738465.43714504,0.0219,0.3791,-0.3564,0.7574
738465.437147511,0.0254,0.3779,-0.356,0.7593
738465.437149985,0.0277,0.3761,-0.356,0.7598
738465.437152498,0.0302,0.3742,-0.3562,0.7606
738465.437155021,0.034,0.3694,-0.3568,0.7602
738465.437157476,0.0389,0.3682,-0.3576,0.7647
738465.437159876,0.0427,0.3663,-0.3587,0.7677
738465.437162226,0.0468,0.3637,-0.36,0.7705
738465.437164574,0.0521,0.3618,-0.3614,0.7753
738465.437166936,0.0566,0.3592,-0.3629,0.7787
738465.437169325,0.0623,0.3573,-0.3646,0.7842
738465.437171792,0.0683,0.3517,-0.3664,0.7864
738465.437174282,0.0742,0.3498,-0.3683,0.7923
738465.437176803,0.0812,0.3485,-0.3703,0.8
738465.437179213,0.0883,0.3429,-0.3724,0.8036
738465.437181599,0.0958,0.3409,-0.3745,0.8112
738465.43718388,0.103,0.3383,-0.3766,0.8179
738465.437186167,0.1102,0.3356,-0.3789,0.8247
738465.437188514,0.1174,0.3329,-0.3813,0.8316
738465.437190807,0.1252,0.3302,-0.3838,0.8392
738465.43719317,0.1346,0.3282,-0.3864,0.8492
738465.437195522,0.1436,0.3261,-0.3893,0.859
738465.437197893,0.1516,0.3197,-0.3923,0.8636
738465.437200243,0.1615,0.3177,-0.3953,0.8745
738465.437202509,0.1708,0.3149,-0.3984,0.8841
738465.437204766,0.179,0.3114,-0.4016,0.892
738465.437206969,0.1889,0.3087,-0.4049,0.9025
738465.437209245,0.1977,0.3052,-0.4083,0.9112
738465.437211559,0.2088,0.3031,-0.4119,0.9238
738465.437213865,0.2188,0.3003,-0.4149,0.934
738465.437216131,0.2282,0.2968,-0.4172,0.9422
738465.437218438,0.2388,0.2939,-0.4187,0.9514
738465.437220803,0.2508,0.2918,-0.4195,0.9621
738465.437223094,0.262,0.289,-0.4196,0.9706
738465.437225416,0.2735,0.2824,-0.4192,0.9751
738465.4372277,0.2857,0.2795,-0.4185,0.9837
738465.437229991,0.2967,0.2759,-0.4176,0.9902
738465.437232237,0.3092,0.273,-0.4165,0.9987
738465.437234553,0.3214,0.2701,-0.4152,1.0067
738465.437236818,0.3339,0.2672,-0.4138,1.0149
738465.437239163,0.3459,0.2643,-0.4123,1.0225
738465.437241402,0.3588,0.2614,-0.4108,1.031
738465.437243671,0.3712,0.2585,-0.4092,1.0389
738465.437245986,0.3836,0.2555,-0.4075,1.0466
738465.437248258,0.3961,0.2526,-0.4058,1.0545
738465.437250521,0.4075,0.2489,-0.4041,1.0605
738465.43725279,0.42,0.2459,-0.4024,1.0683
738465.437255093,0.4325,0.2429,-0.4006,1.076
738465.437257447,0.4449,0.2361,-0.3989,1.0799
738465.437259712,0.4586,0.2338,-0.3971,1.0895
738465.437262069,0.471,0.2308,-0.3954,1.0972
738465.43726438,0.4837,0.2277,-0.3938,1.1052
738465.43726669,0.4961,0.2247,-0.3922,1.113
738465.437268981,0.5086,0.2216,-0.3907,1.1209
738465.437271251,0.5217,0.2186,-0.3893,1.1296
738465.437273579,0.5341,0.2155,-0.3879,1.1375
738465.437275885,0.547,0.2124,-0.3866,1.146
738465.437278213,0.5599,0.2093,-0.3854,1.1546
738465.437280467,0.5733,0.2062,-0.3844,1.1639
738465.437282842,0.5879,0.2038,-0.3834,1.1751
738465.437285161,0.6015,0.2007,-0.3826,1.1848
738465.437287457,0.6155,0.2015,-0.3819,1.1989
738465.437289869,0.6297,0.1952,-0.3811,1.206
738465.437292288,0.6434,0.1928,-0.3801,1.2163
738465.437294682,0.6566,0.1904,-0.3788,1.2258
738465.437297172,0.6675,0.1879,-0.3768,1.2322
738465.437299572,0.6778,0.1815,-0.3742,1.2335
738465.437301929,0.6877,0.1791,-0.371,1.2378
738465.437304395,0.6948,0.1766,-0.3667,1.2381
738465.437306775,0.702,0.1701,-0.3618,1.2339
738465.437309077,0.7068,0.1669,-0.3562,1.2299
738465.437311412,0.7105,0.1636,-0.3499,1.224
738465.437313787,0.7149,0.1611,-0.3428,1.2188
738465.437316174,0.7194,0.1545,-0.3354,1.2093
738465.437318477,0.7227,0.1512,-0.328,1.2019
738465.437321075,0.7264,0.1454,-0.3196,1.1914
738465.437323313,0.7301,0.1428,-0.3118,1.1847
738465.437325635,0.7322,0.1354,-0.304,1.1716
738465.437327944,0.7342,0.132,-0.296,1.1622
738465.437330209,0.7364,0.1246,-0.2881,1.1491
738465.437332533,0.7386,0.122,-0.2798,1.1404
738465.437334833,0.7396,0.1145,-0.2715,1.1256
738465.43733714,0.7398,0.111,-0.263,1.1138
738465.43733949,0.7408,0.1042,-0.2542,1.0992
738465.437341822,0.74,0.0967,-0.2454,1.0821
738465.437344066,0.7401,0.0932,-0.2369,1.0702
738465.437346418,0.7384,0.0856,-0.2277,1.0517
738465.437348751,0.7387,0.0787,-0.2185,1.0359
738465.437350961,0.7374,0.0751,-0.2093,1.0218
738465.437353267,0.7362,0.0674,-0.2001,1.0037
738465.43735557,0.7346,0.0597,-0.1906,0.9849
738465.437357931,0.7336,0.0527,-0.1809,0.9672
738465.437360184,0.7317,0.0449,-0.1713,0.9479
738465.437362456,0.7306,0.0413,-0.1621,0.934
738465.437364761,0.7294,0.0342,-0.1524,0.916
738465.437367041,0.7278,0.0263,-0.1432,0.8973
738465.437369321,0.7258,0.0184,-0.1339,0.8781
738465.437371612,0.7253,0.0113,-0.1245,0.8611
738465.437373917,0.7235,0.0033,-0.1154,0.8422
738465.4373763,0.722,0.0039,-0.1059,0.8318
738465.437378597,0.7201,0.0119,-0.0969,0.8289
738465.437380833,0.7186,-0.0157,-0.0881,0.8224
738465.437383153,0.7178,-0.023,-0.079,0.8198
738465.437385514,0.716,-0.0346,-0.0698,0.8204
738465.437387769,0.7128,-0.0385,-0.0608,0.8121
738465.437390002,0.7105,-0.0467,-0.052,0.8092
738465.437392237,0.7071,-0.0549,-0.0428,0.8048
738465.437394562,0.7037,-0.0623,-0.033,0.799
738465.437396911,0.6995,-0.0698,-0.0229,0.7922
738465.437399143,0.6952,-0.0781,-0.0133,0.7866
738465.437401447,0.6895,-0.0864,-0.0032,0.7791
738465.437403851,0.6849,-0.0932,0.0077,0.7858
738465.437406177,0.6785,-0.1008,0.0186,0.7979
738465.437408412,0.6728,-0.1092,0.0288,0.8108
738465.43741073,0.6683,-0.1169,0.0393,0.8245
738465.437413015,0.6606,-0.1254,0.05,0.836
738465.437415291,0.655,-0.1331,0.0607,0.8488
738465.43741749,0.6487,-0.1373,0.0709,0.8569
738465.437419694,0.6424,-0.1459,0.081,0.8693
738465.437421995,0.6368,-0.1537,0.0914,0.8819
738465.437424257,0.6291,-0.1623,0.1016,0.893
738465.437426556,0.6222,-0.1702,0.1121,0.9045
738465.437428781,0.6148,-0.179,0.122,0.9158
738465.43743102,0.6097,-0.1869,0.1318,0.9284
738465.437433323,0.602,-0.1957,0.1416,0.9393
738465.437435598,0.5957,-0.2037,0.1515,0.9509
738465.437437838,0.5904,-0.2118,0.161,0.9632
738465.437440149,0.5836,-0.2207,0.1702,0.9745
738465.437442311,0.579,-0.2288,0.1793,0.9871
738465.437444459,0.5727,-0.2341,0.1877,0.9945
738465.437446839,0.567,-0.2468,0.1968,1.0106
738465.437449286,0.5613,-0.2542,0.2061,1.0216
738465.437451652,0.5566,-0.2617,0.2151,1.0334
738465.437454066,0.5521,-0.2737,0.2238,1.0496
738465.437456401,0.5467,-0.2821,0.2321,1.0609
738465.437458676,0.5442,-0.2905,0.2397,1.0744
738465.437460929,0.5399,-0.2997,0.2471,1.0867
738465.437463165,0.5386,-0.3082,0.2541,1.1009
738465.437465416,0.537,-0.3167,0.261,1.1147
738465.437467594,0.5357,-0.3214,0.2672,1.1243
738465.437469872,0.5341,-0.3308,0.2731,1.138
738465.437472078,0.5341,-0.3394,0.2789,1.1524
738465.437474321,0.5337,-0.3488,0.2841,1.1666
738465.437476612,0.5345,-0.3575,0.2892,1.1812
738465.437478832,0.5368,-0.3615,0.2938,1.1921
738465.43748105,0.5374,-0.3711,0.2981,1.2066
738465.437483299,0.5404,-0.3752,0.3021,1.2177
738465.437485545,0.5444,-0.384,0.3057,1.2341
738465.437487804,0.5461,-0.3889,0.309,1.244
738465.437490081,0.5503,-0.3978,0.3121,1.2602
738465.437492302,0.5557,-0.402,0.3148,1.2725
738465.437494575,0.5618,-0.4062,0.3171,1.2851
738465.437496832,0.5655,-0.4113,0.3192,1.296
738465.437499075,0.5719,-0.4155,0.3209,1.3083
738465.437501363,0.5808,-0.4189,0.3224,1.3221
738465.437503563,0.5868,-0.4192,0.3235,1.3295
738465.437505767,0.5938,-0.4244,0.3243,1.3425
738465.437508011,0.6025,-0.4238,0.3249,1.3512
738465.4375103,0.612,-0.4282,0.3252,1.3654
738465.437512548,0.6217,-0.4277,0.3253,1.3747
738465.43751478,0.6327,-0.432,0.3251,1.3898
738465.437517121,0.6428,-0.4315,0.3247,1.399
738465.437519506,0.6544,-0.4302,0.3239,1.4085
738465.437521943,0.6666,-0.4288,0.3229,1.4183
738465.437524328,0.6818,-0.4315,0.3216,1.4349
738465.437526757,0.6957,-0.4302,0.3201,1.446
738465.437529089,0.711,-0.4288,0.3183,1.4581
738465.437531281,0.7241,-0.4292,0.3164,1.4697
738465.437533497,0.74,-0.4237,0.3142,1.4779
738465.43753568,0.7548,-0.424,0.3119,1.4907
738465.437537985,0.7705,-0.4235,0.3092,1.5032
738465.437540316,0.7896,-0.4171,0.3063,1.513
738465.437542535,0.8071,-0.4166,0.3032,1.5269
738465.437544726,0.8235,-0.4119,0.3001,1.5355
738465.437547041,0.8418,-0.4113,0.2968,1.5499
738465.437549346,0.862,-0.4049,0.2931,1.56
738465.43755166,0.881,-0.4043,0.2894,1.5747
738465.437554015,0.9014,-0.3978,0.2855,1.5847
738465.437556375,0.9203,-0.3972,0.2815,1.599
738465.437558646,0.9401,-0.3915,0.2776,1.6092
738465.437560844,0.9607,-0.3858,0.2738,1.6203
738465.437563133,0.9809,-0.3852,0.2697,1.6358
738465.437565342,1.0023,-0.3794,0.2658,1.6475
738465.437567617,1.0226,-0.3737,0.2618,1.6581
738465.437569899,1.0423,-0.373,0.2579,1.6732
738465.437572102,1.0588,-0.3681,0.2542,1.6811
738465.437575171,1.0772,-0.3604,0.2503,1.6879
738465.43757735,1.0971,-0.3552,0.2467,1.699
738465.437579585,1.1082,-0.3502,0.2447,1.7031
738465.437581844,1.119,-0.3443,0.2432,1.7065
738465.437584054,1.1283,-0.3435,0.2426,1.7144
738465.437586362,1.1326,-0.3385,0.2427,1.7138
738465.43758864,1.1368,-0.3325,0.2437,1.713
738465.437590885,1.1396,-0.3264,0.2455,1.7115
738465.437593107,1.1408,-0.3204,0.2481,1.7093
738465.437595341,1.1415,-0.3195,0.2514,1.7124
738465.437597573,1.1394,-0.3134,0.2554,1.7082
738465.437599797,1.1328,-0.3082,0.2601,1.7011
738465.437602018,1.1274,-0.302,0.2655,1.6949
738465.43760426,1.1187,-0.2958,0.2717,1.6862
738465.437606547,1.1071,-0.2896,0.2787,1.6754
738465.437608928,1.0938,-0.2877,0.2869,1.6684
738465.437611309,1.0777,-0.2805,0.296,1.6542
738465.437613658,1.0613,-0.2732,0.3056,1.6401
738465.437615972,1.0415,-0.2669,0.3156,1.624
738465.43761829,1.0218,-0.2595,0.3262,1.6075
738465.437620487,1.0034,-0.2531,0.3364,1.5929
738465.437622775,0.9812,-0.2412,0.3473,1.5697
738465.437624994,0.9587,-0.2347,0.3583,1.5517
738465.437627175,0.937,-0.2281,0.3692,1.5343
738465.437629306,0.9135,-0.2171,0.3799,1.5105
738465.437631433,0.8883,-0.2059,0.3908,1.485
738465.437633602,0.8617,-0.2002,0.4019,1.4638
738465.437635767,0.8358,-0.188,0.4133,1.4371
738465.437637952,0.809,-0.1757,0.4249,1.4096
738465.437640153,0.7782,-0.1699,0.4367,1.3848
738465.437642429,0.749,-0.1566,0.4491,1.3547
738465.437644779,0.7165,-0.1431,0.4621,1.3217
738465.437647196,0.6834,-0.1352,0.4751,1.2937
738465.437649584,0.652,-0.1205,0.4883,1.2608
738465.437651798,0.6239,-0.1079,0.5,1.2318
738465.437654033,0.5982,-0.1008,0.5112,1.2102
738465.437656394,0.573,-0.087,0.5224,1.1824
738465.437658761,0.5498,-0.0721,0.5335,1.1554
738465.437661079,0.5266,-0.0592,0.5433,1.1291
738465.437663521,0.5075,-0.0487,0.5532,1.1094
738465.437666001,0.4835,-0.0336,0.5627,1.0798
738465.437668252,0.4662,-0.0194,0.5705,1.0561
738465.4376706,0.4458,-0.0109,0.5783,1.035
738465.437672846,0.4297,-0.0035,0.5851,1.0183
738465.437675154,0.4072,-0.0111,0.5915,1.0098
738465.437677572,0.3852,-0.0266,0.5976,1.0094
738465.437679966,0.3641,-0.0365,0.6028,1.0034
738465.4376824,0.3365,-0.0511,0.6074,0.995
738465.437684853,0.314,-0.0622,0.6111,0.9873
738465.437687061,0.2897,-0.07,0.6136,0.9733
738465.437689453,0.2648,-0.0801,0.615,0.9599
738465.437691752,0.2378,-0.088,0.6148,0.9406
738465.437694112,0.2103,0.0971,0.6132,0.9206
738465.43769638,0.1872,0.1063,0.6103,0.9038
738465.437698663,0.1635,0.1155,0.6061,0.8851
738465.437700905,0.1402,0.1236,0.601,0.8648
738465.437703204,0.1182,0.1258,0.595,0.839
738465.437705592,0.0967,0.1352,0.5878,0.8197
738465.437707968,0.0783,0.1457,0.5797,0.8037
738465.437710377,0.0599,0.1491,0.5711,0.7801
738465.437712804,0.0434,0.1537,0.5616,0.7587
738465.437715217,0.0275,0.1633,0.5519,0.7427
738465.437717542,0.0138,0.1668,0.542,0.7226
738465.437719776,0.0013,0.1764,0.532,0.7097
