time_s,sub_id,level,run_id,glideslope_error_deg,localizer_error_deg,airspeed_error_kts,total_error,HR_mean,HR_std,HR_min,HR_max,HR_range,BR_mean,BR_std,Rsp_amp_mean,Rsp_amp_std,elevation_mean,aileron_mean,gear_mean
124.00532215833664,05,4,09,-0.7164,-0.1462,0.9835,1.8461,70.10996989189672,1.9233362617513063,66.78260869565217,73.84615384615384,7.0635451505016675,21.83231731018615,11.849710837553518,0.16482898699029133,0.05446108221601388,-0.12941175699234,-0.003921568393707199,70.0
125.02579540014267,05,4,09,-0.7538,-0.1601,0.9821,1.896,69.77825379034465,2.1633233143826773,66.78260869565217,73.84615384615384,7.0635451505016675,21.8740386288601,11.812362396535228,0.1568417849017803,0.05089423931088835,-0.12941175699234,-0.003921568393707199,70.0
126.09050497412682,05,4,09,-0.7937,-0.1781,0.814,1.7858,69.61936591061183,2.150590623656897,66.78260869565217,74.5631067961165,7.780498100464328,21.70971987517571,11.960612670588176,0.14818364433405504,0.044624383483012564,-0.12941175699234,-0.003921568393707199,70.0
127.10639163851738,05,4,09,-0.8358,-0.1979,0.7133,1.747,69.8240532459507,2.3461249412071097,66.78260869565217,74.5631067961165,7.780498100464328,21.19050891679469,12.363793841605142,0.139052921710966,0.03419093553778023,-0.12941175699234,-0.003921568393707199,70.0
127.93098986148834,05,4,09,-0.8654,-0.2159,0.9075,1.9888,70.08334019354919,2.42020267823791,66.78260869565217,74.5631067961165,7.780498100464328,20.00097229789255,12.895584453185604,0.13615746078123875,0.025646609028565148,-0.12941175699234,-0.003921568393707199,70.0
128.9559591561556,05,4,09,-0.8876,-0.2394,1.2865,2.4135,70.06727353458962,2.429201073567673,66.78260869565217,74.5631067961165,7.780498100464328,16.518675811679238,10.511179973082529,0.1437564349486106,0.0021748146399649315,-0.12941175699234,-0.0039215683937072,70.0
130.00813610851765,05,4,09,-0.8891,-0.2665,1.7116,2.8672,70.12132449516191,2.473035693715102,66.78260869565217,74.5631067961165,7.780498100464328,13.086632974519663,6.289232612281519,0.14336166644851794,0.002055975412818905,-0.12941175699234,-0.0039215683937072,70.0
130.92760406434536,05,4,09,-0.8728,-0.2918,1.5868,2.7514,70.73607570558232,2.715197403562552,66.78260869565217,76.40230370198918,9.619695006337011,10.999044376938986,3.7049731950214015,0.14246134346649947,0.002958424667481009,-0.12941175699234,-0.0039215683937072,70.0
131.99879117310047,05,4,09,-0.8548,-0.3231,1.1658,2.3437,71.90514883426076,3.486498535676317,66.78260869565217,80.0,13.217391304347828,9.808942305659297,2.396696835088547,0.13243910156798328,0.031215901627948555,-0.12941175699234,-0.0039215683937072,70.0
133.0536536872387,05,4,09,-0.8472,-0.356,0.7409,1.9441,72.3191371869583,3.941776775970366,66.78260869565217,80.0,13.217391304347828,9.417608994828813,1.8371609997577818,0.12101614107981015,0.04319490161692792,-0.12941175699234,-0.0039215683937072,70.0
133.9469399303198,05,4,09,-0.852,-0.3855,0.7164,1.9539,72.08016809072687,4.041969723183402,66.78260869565217,80.0,13.217391304347828,10.215727640180491,3.899782512116897,0.11331123976315982,0.045255954978292864,-0.12941175699234,-0.003921568393707198,70.0
135.02710908651352,05,4,09,-0.8679,-0.4223,0.662,1.9522,72.50270788022574,3.737804548741318,66.8000040531436,80.0,13.199995946856404,11.404022113363158,5.528122868179092,0.1096902726561512,0.044177235487151835,-0.12941175699234,-0.003921568393707198,70.0
135.90087220072746,05,4,09,-0.8906,-0.4538,0.919,2.2634,72.59940994767355,3.6219334188501495,67.96460176991151,80.0,12.03539823008849,12.46080781968647,6.174190182484828,0.10954050244261848,0.04418295452796702,-0.12941175699234,-0.003921568393707198,70.0
137.02156618237495,05,4,09,-0.9232,-0.4942,1.1253,2.5427,72.30106403217357,3.711198338096528,67.96460176991151,80.0,12.03539823008849,13.333648648471131,6.285725253433417,0.11311220426966062,0.04813307500373854,-0.12941175699234,-0.003921568393707199,70.0
138.1039883941412,05,4,09,-0.9599,-0.5345,1.2737,2.7681,71.87156999200094,3.9711450389842002,67.36842105263158,80.0,12.631578947368425,14.066317484338919,6.11857839248255,0.1200623166474551,0.05620710554812199,-0.12941175699234,-0.003921568393707199,70.0
138.95312882959843,05,4,09,-0.9903,-0.5658,1.4351,2.9912,71.7692737893104,4.064655899862976,67.36842105263158,80.0,12.631578947368425,14.69515955761388,5.787632287532378,0.12919490340505982,0.06548099641904902,-0.12941175699234,-0.003921568393707199,70.0
139.9922601878643,05,4,09,-1.0228,-0.6041,1.7514,3.3783,71.74629413541383,4.052047520408401,67.36842105263158,80.0,12.631578947368425,15.213561575073047,5.358039020433712,0.13857889663307443,0.07257724644285746,-0.12941175699234,-0.003921568393707199,70.0
141.0346806049347,05,4,09,-1.0506,-0.6417,1.4956,3.1879,71.40714569345661,3.9388851842796164,67.36842105263158,80.0,12.631578947368425,15.628540506235236,4.887071812778959,0.14651242623351074,0.07617859190112083,-0.12941175699234,-0.003921568393707199,70.0
141.9520765542984,05,4,09,-1.0796,-0.6748,1.4373,3.1917,70.64165569677866,2.9569812677728295,67.36842105263158,80.0,12.631578947368425,15.933701398716561,4.456635107745428,0.16070421156114462,0.0680214300529642,-0.12941175699234,-0.003921568393707199,70.0
143.08986961841583,05,4,09,-1.1195,-0.7158,1.5945,3.4298,70.07461055156973,1.8324678699079242,67.36842105263158,73.84615384615384,6.477732793522264,15.83920304651159,4.529298077620677,0.17296836395358303,0.05290782277488418,-0.12941175699234,-0.003921568393707199,70.0
143.93780305981636,05,4,09,-1.1503,-0.7455,1.5985,3.4943,70.36539149527519,1.761271305931086,67.36842105263158,73.84615384615384,6.477732793522264,14.747911160476113,4.4475027565348535,0.1783987618221067,0.04374828301219794,-0.12941175699234,-0.003921568393707198,70.0
144.97486241161823,05,4,09,-1.1845,-0.7797,1.8626,3.8268,70.66317992174284,2.013712306579196,67.36842105263158,76.75974432926981,9.391323276638232,13.410540985627346,3.637322807793471,0.17751708408722283,0.045125322372537066,-0.12941175699234,-0.003921568393707199,70.0
146.05002254247665,05,4,09,-1.2061,-0.8113,1.9605,3.9779,71.09956614316917,2.6924161650069447,67.36842105263158,76.8,9.431578947368422,12.359188311945513,2.7655335575942526,0.17201209690347344,0.05183701952365332,-0.12941175699234,-0.003921568393707199,70.0
147.09028042852879,05,4,09,-1.219,-0.8367,1.7911,3.8468,71.77859760409498,3.118781062384845,67.36842105263158,76.8,9.431578947368422,11.651751323355636,2.0202499101665747,0.16200472838353688,0.05868519360220144,-0.12941175699234,-0.003921568393707198,70.0
147.93207831680775,05,4,09,-1.2298,-0.855,1.6782,3.763,72.40515949077219,2.862787884041631,67.36842105263158,76.8,9.431578947368422,11.241739642668216,1.4373378463256656,0.14803066058856584,0.0617473675473951,-0.12941175699234,-0.003921568393707198,70.0
148.98813776671886,05,4,09,-1.2443,-0.8743,1.6196,3.7382,72.51528558069523,2.703102159341961,67.71526305022671,76.8,9.084736949773287,11.072973332484414,1.117663201126907,0.1314041693746606,0.059221141048326396,-0.12941175699234,-0.003921568393707198,70.0
150.03072917461395,05,4,09,-1.2577,-0.8879,1.6284,3.774,72.17620968790793,3.1750680321519678,65.30947770030525,76.8,11.490522299694746,11.116019142868646,1.1879714105669734,0.11410038145020795,0.0518324885643606,-0.12941175699234,-0.003921568393707198,70.0
151.07902362942696,05,4,09,-1.262,-0.8955,1.7238,3.8813,71.46379964524552,4.027567326406918,62.96048030945007,76.8,13.839519690549928,11.341365134201112,1.4529892835778053,0.0978783299908806,0.04187421988424256,-0.12941175699234,-0.003921568393707198,70.0
151.9290290772915,05,4,09,-1.2543,-0.8987,1.9977,4.1507,70.64732626519034,4.700931390248356,62.950819672131146,76.8,13.84918032786885,11.74032623201384,1.7470598062740514,0.08374817332537018,0.03199667059197545,-0.12941175699234,-0.0039215683937072,70.0
152.9444832354784,05,4,09,-1.2363,-0.8979,2.0553,4.1895,69.98129108160329,5.031643356397377,62.950819672131146,76.8,13.84918032786885,12.384665244451032,2.183328468788137,0.07179342520779788,0.025180098817742223,-0.12941175699234,-0.0039215683937072,70.0
153.9884526282549,05,4,09,-1.2119,-0.8927,1.8874,3.992,69.5624954301177,5.089679734461712,62.950819672131146,76.8,13.84918032786885,13.89160346778068,4.323483713942758,0.061772402645113925,0.022876667856591044,-0.12941175699234,-0.003921568393707198,70.0
155.03095351159573,05,4,09,-1.1847,-0.8825,1.6824,3.7496,68.95998027112773,4.85456680933237,62.950819672131146,76.8,13.84918032786885,16.10945765361395,6.705108997340604,0.05401631004372558,0.021892623372826815,-0.12941175699234,-0.0039215683937072,70.0
156.10059164464474,05,4,09,-1.1597,-0.8683,1.2616,3.2896,68.07951670317416,4.092952910242484,62.950819672131146,76.8,13.84918032786885,18.146664632800316,7.657728226244712,0.047984916926727246,0.02015367991286657,-0.12941175699234,-0.0039215683937072,70.0
156.96070566773415,05,4,09,-1.1467,-0.8541,0.75,2.7508,67.29339759561593,2.963368071657965,62.950819672131146,76.07573322870316,13.124913556572011,19.887656799024395,7.806669334021956,0.04347433393229292,0.017673009344330238,-0.12941175699234,-0.003921568393707198,70.0
158.01815316081047,05,4,09,-1.1429,-0.8314,0.7936,2.7679,66.90038901431276,2.1968928732701483,62.950819672131146,70.59254282513703,7.641723153005884,21.108495566138632,7.4067334879322555,0.03985875356567572,0.015008875574693324,-0.12941175699234,-0.003921568393707198,70.0
159.0057861059904,05,4,09,-1.1482,-0.8049,1.0884,3.0415,66.88086709255353,2.167420982786364,62.950819672131146,70.45871559633028,7.507895924199133,21.858240700574026,6.8813842190960814,0.03689004773795111,0.01226916521391721,-0.12941175699234,-0.0039215683937072,70.0
159.94193069636822,05,4,09,-1.1586,-0.7781,1.3809,3.3176,67.08340600719997,2.209351453512346,62.950819672131146,70.45871559633028,7.507895924199133,22.397356567914834,6.3864563020239595,0.034532807875924144,0.009569870053247442,-0.12941175699234,-0.003921568393707199,70.0
161.03316396474838,05,4,09,-1.173,-0.7462,1.639,3.5582,67.58110774486141,1.993842124296666,62.950819672131146,70.45871559633028,7.507895924199133,23.14215389143388,5.777067978562743,0.032790318802730936,0.007239616735189981,-0.12941175699234,-0.003921568393707199,70.0
161.9534969329834,05,4,09,-1.1888,-0.7195,1.4609,3.3692,68.06817756194434,1.4190977957879063,64.02661098774024,70.45871559633028,6.432104608590038,24.524490069862335,5.283093913560568,0.03104520612859927,0.00594531841397675,-0.12941175699234,-0.003921568393707199,70.0
163.0564782768488,05,4,09,-1.2107,-0.6871,1.3368,3.2346,68.40742247065498,0.8164228195619854,65.3248084023352,70.45871559633028,5.1339071939950855,26.9681451252808,6.624845029839918,0.02986309329616351,0.006290233835824557,-0.12941175699234,-0.003921568393707199,70.0
163.9922808855772,05,4,09,-1.227,-0.6609,1.3128,3.2007,68.56325595809011,0.6833576650792758,67.96460176991151,70.82750855616032,2.8629067862488142,28.48803129261164,7.634605701949341,0.03205882331064287,0.007209662792365617,-0.12941175699234,-0.003921568393707199,70.0
164.93309251964092,05,4,09,-1.231,-0.6345,1.4428,3.3083,68.86203490985368,0.9822209637837176,67.96460176991151,71.77570093457943,3.8110991646679224,27.97102742025184,7.6203566808396355,0.034931466541480834,0.008201888611780051,-0.12941175699234,-0.003921568393707199,70.0
165.93879014253616,05,4,09,-1.2119,-0.607,1.4498,3.2687,68.95531563640296,0.9407660888314854,67.96460176991151,71.77570093457943,3.8110991646679224,26.812010104342164,7.996346296471137,0.037300228889516854,0.008878771377449737,-0.12941175699234,-0.003921568393707199,70.0
167.01903976500034,05,4,09,-1.1678,-0.5793,1.4754,3.2225,68.79140875999937,1.095165041601793,66.20689655172414,71.77570093457943,5.568804382855291,25.634720670820023,8.52654406122592,0.03899576074311555,0.00958307461913871,-0.12941175699234,-0.003921568393707199,70.0
168.0908404290676,05,4,09,-1.1215,-0.5516,1.2329,2.906,68.61743923845054,1.0796409650760026,66.20689655172414,71.77570093457943,5.568804382855291,24.888919483025624,8.93943936425917,0.04049277553956852,0.010091084402175073,-0.12941175699234,-0.003921568393707199,70.0
168.96840557456017,05,4,09,-1.0897,-0.5299,0.9132,2.5328,68.58281385570344,1.098179749632468,66.20689655172414,71.77570093457943,5.568804382855291,24.561756534008964,9.159217956647524,0.0420864820817773,0.010521191603464316,-0.12941175699234,-0.003921568393707199,70.0
169.97072361409664,05,4,09,-1.0626,-0.5054,0.7308,2.2988,68.36416946787655,1.2875552108932453,65.8358573906244,71.77570093457943,5.939843543955035,24.426441599255384,9.253830187471467,0.04399035321279754,0.011031264553397794,-0.12941175699234,-0.003921568393707199,70.0
170.97979076206684,05,4,09,-1.046,-0.4809,0.5144,2.0413,68.07224700189674,1.4492368919001497,65.64102564102564,71.77570093457943,6.134675293553798,24.09470361639044,9.40410742183944,0.0462577730653925,0.011495892889017251,-0.12941175699234,-0.003921568393707199,70.0
171.96777574717999,05,4,09,-1.0434,-0.4576,0.3616,1.8626,68.09068173404576,1.4512508798823371,65.64102564102564,71.77570093457943,6.134675293553798,23.164245529610344,9.345036122150072,0.049468514963892686,0.010398547028669606,-0.12941175699234,-0.003921568393707199,70.0
172.940381616354,05,4,09,-1.0529,-0.4344,0.6279,2.1152,68.13128678707167,1.454222780662178,65.64102564102564,71.77570093457943,6.134675293553798,21.093434340382032,7.128139868548072,0.05336422480083537,0.005601660605521175,-0.12941175699234,-0.003921568393707199,70.0
174.1103209555149,05,4,09,-1.0752,-0.405,0.9675,2.4477,68.1078543648521,1.4256974968029348,65.64102564102564,71.77570093457943,6.134675293553798,19.09658341678779,3.1044051979290264,0.05514278378608488,0.004642128989471278,-0.12941175699234,-0.003921568393707199,70.0
175.0558901578188,05,4,09,-1.098,-0.3817,1.3891,2.8688,68.13828236142722,1.5105482626615097,65.64102564102564,72.45283018867924,6.811804547653608,18.29060676498728,1.4095731064899293,0.05617903990413362,0.004656607044596699,-0.12941175699234,-0.003921568393707199,70.0
175.9977277368307,05,4,09,-1.12,-0.3561,1.7147,3.1908,68.29167838275194,1.6785982026535973,65.64102564102564,72.45283018867924,6.811804547653608,18.13012516415899,1.331297104545538,0.05671516357451968,0.004316354363947747,-0.12941175699234,-0.003921568393707199,70.0
176.95391848683357,05,4,09,-1.1367,-0.3299,1.7963,3.2629,68.48464533102539,1.64714361204995,65.64102564102564,72.45283018867924,6.811804547653608,18.209886522835813,1.2700514945799743,0.05638774608833821,0.004945837312718005,-0.12941175699234,-0.003921568393707199,70.0
178.07453200221062,05,4,09,-1.1376,-0.2957,1.5304,2.9637,68.94928238710024,2.0623834817546625,65.64102564102564,73.14285714285714,7.501831501831504,19.051997173430795,2.608367566649353,0.054809135152160814,0.008252328025095377,-0.12941175699234,-0.003921568393707199,70.0
179.02328968048096,05,4,09,-1.1144,-0.2662,1.5098,2.8904,69.05312918888264,2.246412964350702,64.03129482797065,73.14285714285714,9.111562314886484,20.851454974356216,5.325236375167326,0.05142452461095824,0.013802205322007164,-0.12941175699234,-0.003921568393707199,70.0
179.96600233018398,05,4,09,-1.0684,-0.2369,1.2305,2.5358,68.73652855371012,2.761601917286119,62.9563604241913,73.14285714285714,10.186496718665836,22.846301084616382,7.0938535604556865,0.048275682658925415,0.015996681682782374,-0.12941175699234,-0.003921568393707199,70.0
181.1140850186348,05,4,09,-0.9829,-0.2016,1.0206,2.2051,68.84939678858001,2.865634831371971,62.950819672131146,73.14285714285714,10.192037470725992,24.54799994425682,7.766347081642154,0.04604170918974565,0.01596040442497595,-0.12941175699234,-0.003921568393707199,70.0
182.05558061599731,05,4,09,-0.8996,-0.1748,0.5883,1.6627,69.14428422999414,2.957000489097072,62.950819672131146,73.14285714285714,10.192037470725992,25.504073888001223,7.65786072517223,0.04448581209645551,0.015245161403543315,-0.12941175699234,-0.003921568393707199,70.0
182.9969957470894,05,4,09,-0.8132,-0.1495,0.3411,1.3038,69.7278055589672,3.3410050183106037,62.950819672131146,77.12624562319772,14.175425951066572,25.861109223145128,7.495721943226251,0.04356564316029661,0.01448339779651499,-0.12941175699234,-0.003921568393707199,70.0
183.96043851971626,05,4,09,-0.7339,-0.1284,0.2355,1.0978,70.6451173207472,4.03945398668715,62.950819672131146,78.36734693877551,15.416527266644366,25.809571094561573,7.5451382287600035,0.04323713188714665,0.014113591728139502,-0.12941175699234,-0.003921568393707199,70.0
185.1022146642208,05,4,09,-0.6667,-0.1072,-0.0091,0.783,70.91157293509568,4.155951035677396,62.950819672131146,78.36734693877551,15.416527266644366,25.55407252634907,7.819775617191087,0.04355903455250424,0.014549139856370883,-0.12941175699234,-0.003921568393707199,70.0
186.0737845301628,05,4,09,-0.6415,-0.0902,-0.2195,0.9512,71.06417935688577,4.155551420770342,62.950819672131146,78.36734693877551,15.416527266644366,25.219984409105315,8.218321949966697,0.04486930325380306,0.016096960984257516,-0.12941175699234,-0.003921568393707199,70.0
186.90331131219864,05,4,09,-0.6452,-0.0761,-0.479,1.2003,71.1266655747276,4.132046343449077,62.950819672131146,78.36734693877551,15.416527266644366,24.81376463225906,8.681270388208752,0.04739992593872339,0.018113421529802526,-0.12941175699234,-0.003921568393707199,70.0
187.9503082484007,05,4,09,-0.6689,-0.0575,-0.208,0.9344,70.72019308119597,4.146537066722227,62.950819672131146,78.36734693877551,15.416527266644366,24.01261121583353,8.941764451704174,0.051948267567437825,0.019982074786604118,-0.12941175699234,-0.003921568393707199,70.0
188.98736760020256,05,4,09,-0.6763,-0.0388,-0.0183,0.7334,70.7752620733085,4.024807566950806,62.950819672131146,78.36734693877551,15.416527266644366,23.373229421834246,8.38309325268771,0.062004551397544516,0.025499240609571205,-0.12941175699234,-0.003921568393707199,70.0
190.03583304584026,05,4,09,-0.6558,-0.019,0.1858,0.8606,71.57683808221948,3.151712466757635,62.950819672131146,78.36734693877551,15.416527266644366,22.4171986448007,7.218279853842138,0.07400893649089453,0.032118420488212694,-0.12941175699234,-0.003921568393707199,70.0
191.07029736042023,05,4,09,-0.6467,-0.0018,0.169,0.8175,72.30215329384879,2.6888251671463155,68.57142857142857,78.36734693877551,9.795918367346943,21.039425518343926,5.865434899558723,0.08443257918636173,0.03500561012702925,-0.12941175699234,-0.003921568393707199,70.0
192.1052847057581,05,4,09,-0.6573,-0.0241,-0.0104,0.6918,72.68721903578596,2.801840425760773,68.57142857142857,78.36734693877551,9.795918367346943,19.75511726620261,5.405430282326026,0.0932484091874957,0.035020719396363253,-0.12941175699234,-0.003921568393707199,70.0
192.97688528895378,05,4,09,-0.6777,-0.0442,0.0905,0.8124,72.66818485960184,2.746245348598615,68.57142857142857,78.36734693877551,9.795918367346943,18.626931527981956,5.605809438483212,0.10030132222530277,0.033046794089882085,-0.12941175699234,-0.003921568393707199,70.0
193.90871487557888,05,4,09,-0.6845,0.0683,0.5291,1.2819,72.29650868256654,2.257074688465561,68.57142857142857,75.85216058408118,7.2807320126526065,17.728403272239085,6.07650473743678,0.10550947711622834,0.029998337249174174,-0.12941175699234,-0.0039215683937072,70.0
195.0001996010542,05,4,09,-0.6646,0.0984,0.6754,1.4384,72.36058388317774,2.293078399591996,68.57142857142857,75.29411764705883,6.722689075630257,17.069340992420827,6.5384176644341645,0.10890230363329563,0.026897347286693872,-0.12941175699234,-0.003921568393707198,70.0
196.06171064078808,05,4,09,-0.629,0.1275,0.5342,1.2907,72.59928532756177,2.368159315146472,68.57142857142857,75.29411764705883,6.722689075630257,16.74940727477792,6.760046586277315,0.1106624590311727,0.02473111431414751,-0.12941175699234,-0.003921568393707198,70.0
196.9108510762453,05,4,09,-0.5984,0.1514,0.4206,1.1704,73.24800147972061,2.3850073845442603,68.57142857142857,76.8,8.228571428571428,17.605463134221658,6.98770291128559,0.11104246022958457,0.024183003038388606,-0.12941175699234,-0.003921568393707198,70.0
198.00475984811783,05,4,09,-0.5721,0.1801,0.5754,1.3276,73.8427733599069,1.8856845511812466,69.14562219739325,76.8,7.654377802606746,18.73229951480038,7.636465563396321,0.10950015311840415,0.026450844862913957,-0.12941175699234,-0.003921568393707199,70.0
199.09971468150616,05,4,09,-0.5625,0.2083,0.4234,1.1942,73.80470647799635,2.099254986309899,65.76976757138159,76.8,11.030232428618405,18.15321023158146,7.045653884516438,0.10314182955554112,0.030429280170561818,-0.12941175699234,-0.003921568393707198,70.0
199.9562781304121,05,4,09,-0.5684,0.229,0.2778,1.0752,73.15974038292097,3.3789393132482997,63.9448273767722,76.8,12.855172623227794,17.1049255951926,6.265194273051029,0.09391509060284764,0.030637616396524542,-0.12941175699234,-0.003921568393707199,70.0
201.03282630443573,05,4,09,-0.5873,0.2549,0.5811,1.4233,71.93524496989713,4.674788217181862,60.95238095238095,76.8,15.847619047619048,16.35893078755448,6.14307091359408,0.08503778385867357,0.028594742063057246,-0.12941175699234,-0.003921568393707199,70.0
202.10279636085033,05,4,09,-0.6153,0.281,0.7913,1.6876,70.50775838099905,5.548604724461511,60.95238095238095,76.8,15.847619047619048,15.97505152727661,6.264224268017473,0.07697077540592569,0.025087050485709146,-0.12941175699234,-0.003921568393707199,70.0
203.11756655573845,05,4,09,-0.6344,0.3052,1.0757,2.0153,69.74551930085977,5.626671837321892,60.95238095238095,76.8,15.847619047619048,15.915166081211666,6.295631911991808,0.06998288209640662,0.02078330006208348,-0.12941175699234,-0.003921568393707198,70.0
204.10615503787994,05,4,09,-0.6375,0.3246,0.8688,1.8309,69.3139024954024,5.461658098789972,60.95238095238095,76.8,15.847619047619048,16.22091494849638,6.1026182463433845,0.0640863556257013,0.01634009775060743,-0.12941175699234,-0.003921568393707198,70.0
204.9235012382269,05,4,09,-0.6406,0.339,0.658,1.6376,68.18479067275864,5.453776848973199,60.95238095238095,76.8,15.847619047619048,16.92017450746409,5.7023404925707,0.0590161638046756,0.012376406819124648,-0.12941175699234,-0.0039215683937072,70.0
206.11400976777077,05,4,09,-0.6513,0.3528,0.73,1.7341,66.94864728142988,5.3152099214687505,60.95238095238095,76.8,15.847619047619048,17.66694280854354,5.334567391973596,0.05463726569619569,0.009137758181944827,-0.12941175699234,-0.0039215683937072,70.0
207.0949036628008,05,4,09,-0.6667,0.3592,0.88,1.9059,66.35585333905668,4.55815400537931,60.95238095238095,76.02872517683565,15.0763442244547,17.311322144139503,4.920099005339718,0.05109089178844503,0.006465686117209793,-0.12941175699234,-0.0039215683937072,70.0
208.10060128569603,05,4,09,-0.6854,0.362,1.1954,2.2428,66.13253673015376,4.17610893126885,60.95238095238095,72.97738872318536,12.025007770804407,16.283986114708686,3.3301855981374455,0.04871082385141672,0.005116647652873099,-0.12941175699234,-0.003921568393707199,70.0
209.1011993587017,05,4,09,-0.7027,0.36,1.6658,2.7285,66.40195895385567,4.397879101297792,60.95238095238095,72.45283018867924,11.500449236298294,15.77280926776668,2.5564830483289662,0.047376885267524496,0.004955943943588902,-0.12941175699234,-0.003921568393707199,70.0
210.10136492550373,05,4,09,-0.7099,0.3543,1.8115,2.8757,67.10151193242392,4.632296921559479,60.95238095238095,72.45283018867924,11.500449236298294,15.768322494693965,2.5213580469084675,0.046498072189321775,0.004890374084315749,-0.12941175699234,-0.003921568393707199,70.0
211.07112430036068,05,4,09,-0.6975,0.3442,1.7422,2.7839,68.05121193918517,4.485959981939183,60.95238095238095,72.45283018867924,11.500449236298294,16.065061690425125,2.4384208725616427,0.04581428556854546,0.004564823508548636,-0.12941175699234,-0.003921568393707199,70.0
212.0754338800907,05,4,09,-0.6722,0.3286,1.839,2.8398,68.87375488816406,3.8254267553680505,61.0694669966503,72.45283018867924,11.383363192028945,16.497033051231092,2.0466465025742275,0.045509861994247225,0.004233900561104682,-0.12941175699234,-0.003921568393707199,70.0
213.10842968523502,05,4,09,-0.6379,0.3099,1.8013,2.7491,68.92203446742317,3.6632907932005,61.44,72.45283018867924,11.012830188679246,16.932234717468017,1.3818958178014753,0.04569153351480944,0.004584440049092182,-0.12941175699234,-0.003921568393707199,70.0
214.1138657927513,05,4,09,-0.5887,0.2904,1.8404,2.7195,68.71493690060043,3.684453972748198,61.44,72.45283018867924,11.012830188679246,17.27389319987414,0.8105177977521975,0.04646870397668827,0.005955491186157273,-0.12941175699234,-0.003921568393707199,70.0
215.10686986148357,05,4,09,-0.5361,0.2712,1.6613,2.4686,69.30639845220655,3.1561777999469767,61.44,72.45283018867924,11.012830188679246,17.480653114793196,0.8482575674500221,0.04814283158919225,0.007972282951245344,-0.12941175699234,-0.003921568393707199,70.0
215.92792756855488,05,4,09,-0.4938,0.2555,1.5517,2.301,70.15386329744362,2.018887011717586,65.28676638080546,72.45283018867924,7.166063807873783,17.617752569360185,1.072188047542737,0.05074346357262838,0.009827111315686587,-0.12941175699234,-0.003921568393707199,70.0
216.926534101367,05,4,09,-0.445,0.2386,1.3998,2.0834,70.51452086290661,2.2452986794589824,66.78260869565217,74.5631067961165,7.780498100464328,17.723934285321008,1.1853413347953972,0.05375404846507585,0.01089241552697872,-0.12941175699234,-0.003921568393707199,70.0
217.92359165847301,05,4,09,-0.4005,0.2254,1.1288,1.7547,70.65001616157022,2.395987051090451,66.78260869565217,74.5631067961165,7.780498100464328,17.766245484484283,1.2042000565247613,0.05632709539529338,0.010650809169450624,-0.12941175699234,-0.003921568393707199,70.0
219.10770311951637,05,4,09,-0.3574,0.213,0.9286,1.499,70.58771934901333,2.3907834002366664,66.78260869565217,74.5631067961165,7.780498100464328,17.772690243127606,1.2037683378083568,0.05789186191704215,0.00953214757776141,-0.12941175699234,-0.003921568393707199,70.0
220.09612061083317,05,4,09,-0.3291,0.2059,1.0469,1.5819,70.35576101952036,2.3777230283202404,66.78260869565217,74.5631067961165,7.780498100464328,17.80530441274462,1.192616979394501,0.05861448355175882,0.008605889472778697,-0.12941175699234,-0.003921568393707199,70.0
221.08834013342857,05,4,09,-0.3061,0.2026,1.0901,1.5988,69.99390274869722,2.4584882542808515,66.0906187860338,74.5631067961165,8.4724880100827,17.899167964878,1.1447442642690813,0.058903750834420045,0.008178967932257546,-0.12941175699234,-0.003921568393707199,70.0
222.07528911530972,05,4,09,-0.2913,0.2042,0.9839,1.4794,69.6168058897036,2.802025521713805,65.08474576271186,74.5631067961165,9.478361033404639,18.06277923108947,1.0324573865432118,0.058658258914033624,0.008484157721756293,-0.12941175699234,-0.003921568393707199,70.0
223.08357171714306,05,4,09,-0.2826,0.2103,0.9554,1.4483,69.5487386514067,2.883670670151464,65.08474576271186,74.5631067961165,9.478361033404639,18.315693372484827,0.8722637053938976,0.05783622978930736,0.00921094753665829,-0.12941175699234,-0.003921568393707199,70.0
224.08373728394508,05,4,09,-0.2712,0.2178,1.1696,1.6586,69.72556573048182,2.800319264277925,65.08474576271186,74.5631067961165,9.478361033404639,18.799552722566375,1.3251093926873851,0.056550514300353884,0.0098005569126959,-0.12941175699234,-0.003921568393707199,70.0
225.07405579090118,05,4,09,-0.2487,0.2275,1.2095,1.6857,69.69431328040434,2.8090409422249287,65.08474576271186,74.5631067961165,9.478361033404639,19.428108843407664,2.274166842912557,0.05491986012210877,0.009763577445019064,-0.12941175699234,-0.003921568393707199,70.0
226.0938350111246,05,4,09,-0.2026,0.2398,1.3011,1.7435,69.77630207641103,2.8534088222046066,65.08474576271186,74.5631067961165,9.478361033404639,19.75706636588108,2.5541522849148848,0.05306635985364645,0.008649013370485325,-0.12941175699234,-0.003921568393707199,70.0
226.93010084331036,05,4,09,-0.153,0.2494,1.0992,1.5016,69.733083128075,2.784925038164722,65.08474576271186,74.38339082424449,9.298645061532625,19.699649666388154,2.5950864869897696,0.05162414675465564,0.006586503512749853,-0.12941175699234,-0.003921568393707199,70.0
227.9588621109724,05,4,09,-0.0747,0.2616,1.1191,1.4554,69.79691015632471,2.8930656620461734,65.08474576271186,75.74688294672202,10.662137184010163,19.392210574717126,2.90381318624931,0.05284698325262427,0.010036846037676014,-0.12941175699234,-0.003921568393707199,70.0
228.9880659431219,05,4,09,0.0035,0.2736,1.0279,1.305,70.33084642306055,3.5631006320051957,65.08474576271186,78.46823715358914,13.383491390877282,18.960826272852625,3.4056429231089,0.0581738272957804,0.02032499284553728,-0.12941175699234,-0.003921568393707199,70.0
229.99341152608395,05,4,09,0.0679,0.2863,0.789,1.1432,71.22267700486066,4.283014981235418,65.08474576271186,79.17525773195877,14.090511969246904,18.486053434594105,3.866897034167064,0.06692967490063872,0.031077404192249396,-0.12941175699234,-0.003921568393707199,70.0
231.05051703751087,05,4,09,0.1177,0.3004,0.693,1.1111,72.22244688595023,4.572867952393719,65.08474576271186,79.17525773195877,14.090511969246904,18.00408089739478,4.215523735889702,0.07683330652179064,0.038374632713456515,-0.12941175699234,-0.003921568393707199,70.0
231.9191001355648,05,4,09,0.1487,0.3111,0.804,1.2638,73.41847119826778,4.186683496135134,65.15739625220549,79.17525773195877,14.017861479753279,17.50909881793104,4.4641993918462815,0.0862417152058257,0.04129128671971038,-0.12941175699234,-0.003921568393707199,70.0
232.97317810356617,05,4,09,0.1718,0.3248,0.7887,1.2853,74.39556657799385,3.4580828574829265,67.69959667221858,79.17525773195877,11.47566105974019,16.95824451239601,4.605329512420945,0.09446158869276135,0.04069581974421466,-0.12941175699234,-0.0039215683937072,70.0
234.0275175869465,05,4,09,0.1808,0.3402,0.8116,1.3326,74.94289971424773,2.99860290549028,68.57142857142857,79.17525773195877,10.603829160530196,16.11221157731429,4.380775965271338,0.10120857581096168,0.037659466710245025,-0.12941175699234,-0.0039215683937072,70.0
235.03131419420242,05,4,09,0.1795,0.3547,1.0069,1.5411,75.75253124497597,2.3348958133618174,69.44863229371522,79.17525773195877,9.726625438243545,14.941223354078577,3.2778479929123425,0.10656901700764476,0.03323443055082046,-0.12941175699234,-0.0039215683937072,70.0
236.04374080896378,05,4,09,0.1868,0.3653,1.4968,2.0489,76.48656632448652,1.9025102983616122,73.14285714285714,79.17525773195877,6.032400589101627,13.910640813767376,1.8364155568559986,0.11078104523424073,0.028110325762615494,-0.12941175699234,-0.0039215683937072,70.0
237.0258517563343,05,4,09,0.2014,0.371,1.5252,2.0976,77.1886640718327,1.9875614795241454,73.14974915169304,81.69250485095358,8.542755699260539,13.246613160857752,0.8327422108527297,0.11361382828454958,0.023539800438184964,-0.12941175699234,-0.0039215683937072,70.0
238.03034238517284,05,4,09,0.2151,0.3718,1.5159,2.1028,77.77591547547335,1.9618630529968362,73.84615384615384,81.70212765957447,7.855973813420633,12.874547734692362,0.5689716199706955,0.11349847335436078,0.023564925667900787,-0.12941175699234,-0.003921568393707199,70.0
239.04735557734966,05,4,09,0.2284,0.3665,1.7559,2.3508,77.79873640099024,1.9505060300908565,73.84615384615384,81.70212765957447,7.855973813420633,12.664621051549537,0.7091315747419006,0.10945315730551716,0.026776154722821813,-0.12941175699234,-0.003921568393707199,70.0
240.08191041648388,05,4,09,0.2385,0.3573,1.6535,2.2493,77.44298314012843,2.131643208293012,73.36914538460582,81.70212765957447,8.332982274968657,12.599713785252638,0.7909811388978016,0.1018005982865043,0.028443775101351126,-0.12941175699234,-0.003921568393707199,70.0
241.1025546491146,05,4,09,0.2434,0.342,1.4543,2.0397,77.01146161316184,2.3753661336447784,73.14285714285714,81.70212765957447,8.559270516717334,13.390096145920555,2.898874111347505,0.09199668361235651,0.02811164208283913,-0.12941175699234,-0.003921568393707199,70.0
242.1128287911415,05,4,09,0.2403,0.3221,1.413,1.9754,76.60638501826318,2.6131372748522312,72.45283018867924,81.70212765957447,9.249297470895229,15.024433728046557,5.613567341698871,0.08064319187273938,0.029027878767036275,-0.12941175699234,-0.003921568393707199,70.0
242.96058118343353,05,4,09,0.2356,0.3033,1.5962,2.1351,76.24568910634567,2.9083896935804576,71.72751803810476,81.70212765957447,9.97460962146971,16.713982726311862,7.167068272567412,0.07021903674786975,0.028707591508738715,-0.12941175699234,-0.003921568393707199,70.0
243.98295544087887,05,4,09,0.2232,0.2754,1.3829,1.8815,75.8457029706194,3.334012295612805,70.45871559633028,81.70212765957447,11.243412063244193,18.34106592981717,8.030919082149499,0.06219027238938436,0.026522273266605667,-0.12941175699234,-0.003921568393707199,70.0
244.99279707670212,05,4,09,0.2073,0.244,1.3874,1.8387,75.1102887016556,3.7476551953741937,67.13404358209654,81.70212765957447,14.568084077477934,19.590976345212688,8.128479967432547,0.05630443268050207,0.02353638056883306,-0.12941175699234,-0.003921568393707199,70.0
246.0135318338871,05,4,09,0.1913,0.2103,1.4527,1.8543,73.73463558941441,4.631744800573031,63.29965592293222,81.70212765957447,18.402471736642255,20.48223317717385,7.8213731601445975,0.05219052790292046,0.020240060236902658,-0.12941175699234,-0.003921568393707199,70.0
247.027949988842,05,4,09,0.1989,0.175,1.2949,1.6688,71.95621263007517,5.063392703761896,62.4634873688234,81.70212765957447,19.23864029075107,21.219862406041276,7.336304862854223,0.04960034315710429,0.017336474116917383,-0.12941175699234,-0.003921568393707199,70.0
248.08108247816563,05,4,09,0.2421,0.136,1.5962,1.9743,70.28373534054049,4.785947788178866,62.4390243902439,78.48750925492992,16.048484864686017,21.882472981813653,6.7122552502278126,0.04818867362995401,0.015438250860756423,-0.12941175699234,-0.003921568393707199,70.0
248.93333092331886,05,4,09,0.2807,0.1051,1.5268,1.9126,69.13954897998758,4.368449086160536,62.4390243902439,75.98165900674122,13.542634616497324,22.484735486581837,5.9609137603970535,0.047794467724011414,0.01489305118017725,-0.12941175699234,-0.0039215683937072,70.0
250.01877062022686,05,4,09,0.3238,0.0644,1.3415,1.7297,68.27247821485508,3.994495579916511,62.4390243902439,74.5631067961165,12.124082405872599,22.942252602918032,5.279413676469626,0.04849941104596065,0.015630084620657726,-0.12941175699234,-0.0039215683937072,70.0
251.09116472303867,05,4,09,0.3612,0.0231,1.4514,1.8357,67.73819465113743,3.5681484666792374,62.4390243902439,74.56253059491962,12.12350620467572,22.513669565386085,5.448492027869642,0.05050817637717343,0.01674010925576815,-0.12941175699234,-0.0039215683937072,70.0
251.9342601299286,05,4,09,0.3876,0.0091,1.4274,1.8241,67.43377401561922,3.180924677997851,62.4390243902439,72.45283018867924,10.013805798435342,21.20839241721105,5.187686946334564,0.05439953805451978,0.015277729413178641,-0.12941175699234,-0.0039215683937072,70.0
253.0302409082651,05,4,09,0.4151,-0.0522,1.4709,1.9382,67.23522747946534,2.918130243913766,62.4390243902439,71.70080343458305,9.26177904433915,19.819437383210204,4.395090793323947,0.05776092954446209,0.011497516980186966,-0.12941175699234,-0.0039215683937072,70.0
254.08604890108109,05,4,09,0.44,-0.0949,1.595,2.1299,67.16502275221447,2.839419445949112,62.4390243902439,70.45871559633028,8.019691206086378,18.626679197568485,3.0081411505510465,0.05895404459732614,0.009370838562616687,-0.12941175699234,-0.0039215683937072,70.0
254.9317393451929,05,4,09,0.4583,-0.1293,1.6048,2.1924,67.19516668475795,2.8524577565725946,62.4390243902439,70.45871559633028,8.019691206086378,20.488959886849074,8.67740051951828,0.05738209300131945,0.012929148941755987,-0.12941175699234,-0.0039215683937072,70.0
255.96421211957932,05,4,09,0.4738,-0.1708,1.5402,2.1848,67.42450902287246,2.743932081725974,62.4390243902439,70.45871559633028,8.019691206086378,22.25556791535527,10.491995652413827,0.05370615993828719,0.01826504005923083,-0.12941175699234,-0.003921568393707198,70.0
257.0293541997671,05,4,09,0.4905,-0.2136,1.8051,2.5092,67.57362505152518,2.525780901743691,62.4390243902439,70.45871559633028,8.019691206086378,23.14803342104963,10.609401498563416,0.05016300429224944,0.02024501386035921,-0.12941175699234,-0.003921568393707198,70.0
258.0423943698406,05,4,09,0.5103,-0.2519,1.7502,2.5124,67.59783121612337,2.468932805574585,63.47107438016529,70.45871559633028,6.987641216164988,24.17966314181492,10.590836187840758,0.04702049864496722,0.02034505703079209,-0.12941175699234,-0.003921568393707198,70.0
259.0721916407347,05,4,09,0.5253,-0.2903,1.6315,2.4471,67.40317192058069,2.683971470626445,63.2879588737933,70.45871559633028,7.170756722536979,25.55346036741864,10.497972160750273,0.04326498467798939,0.019904555717110126,-0.12941175699234,-0.0039215683937072,70.0
260.09586341679096,05,4,09,0.5371,-0.3278,1.322,2.1869,67.06113719741187,3.0175220784652357,62.4390243902439,70.45871559633028,8.019691206086378,27.001340443478362,10.17569687468653,0.0387878915508721,0.018785441680799448,-0.12941175699234,-0.0039215683937072,70.0
260.91519109904766,05,4,09,0.5387,-0.3544,1.1523,2.0454,66.70098524903192,3.064996867434388,62.4390243902439,70.45871559633028,8.019691206086378,28.421339525597254,9.588789631513086,0.03442902699839024,0.016129544998706384,-0.12941175699234,-0.0039215683937072,70.0
261.96158453822136,05,4,09,0.5312,-0.384,1.2026,2.1178,66.50384487616245,2.8962648460503404,62.4390243902439,70.45871559633028,8.019691206086378,29.518823190090934,8.753661329211365,0.030751505556444562,0.012147101789261223,-0.12941175699234,-0.003921568393707198,70.0
262.998553365469,05,4,09,0.5167,-0.4095,1.2351,2.1613,66.44225949711553,2.8187552104789013,62.4390243902439,70.45871559633028,8.019691206086378,30.09830129757117,8.030710995715745,0.028644235143667568,0.008566883327334336,-0.12941175699234,-0.0039215683937072,70.0
264.0263691544533,05,4,09,0.5033,-0.4292,1.5049,2.4374,66.52434395186557,2.950493259413665,62.4390243902439,72.97400019707484,10.534975806830943,30.247239950607913,7.779678011703351,0.02861600880131127,0.008447559252262331,-0.12941175699234,-0.0039215683937072,70.0
265.038725361228,05,4,09,0.4973,-0.4438,1.7098,2.6509,66.82216654997161,3.390551792226127,62.4390243902439,73.14285714285714,10.703832752613238,28.22465086826017,5.741060126591725,0.03055626253618014,0.009663199596045382,-0.12941175699234,-0.0039215683937072,70.0
266.0658471286297,05,4,09,0.489,-0.4521,1.6743,2.6154,66.62782391530023,3.632685782939848,60.47244094488189,73.14285714285714,12.67041619797525,27.924266124063855,4.9753188883838195,0.03134607137789024,0.008851640215084788,-0.12941175699234,-0.003921568393707199,70.0
266.9390067458153,05,4,09,0.4803,-0.457,1.6133,2.5506,66.24959674926257,4.029080512662017,60.47244094488189,73.14285714285714,12.67041619797525,28.329987537093558,5.176980136037524,0.030621668114570334,0.009665229419595503,-0.12941175699234,-0.003921568393707199,70.0
267.96129047870636,05,4,09,0.4617,-0.4563,1.3546,2.2726,66.01917587703207,4.226617179798593,60.47244094488189,73.14285714285714,12.67041619797525,28.586188264096155,5.341132662345409,0.02957134851421935,0.010000119424602294,-0.12941175699234,-0.0039215683937072,70.0
268.99886280298233,05,4,09,0.4355,-0.4509,1.5898,2.4762,66.04455903074226,4.216851255309392,60.47244094488189,73.14285714285714,12.67041619797525,31.259989819762485,10.463011583668779,0.028860124665975893,0.0102552889829337,-0.12941175699234,-0.0039215683937072,70.0
270.0298771262169,05,4,09,0.4079,-0.4393,1.9558,2.803,66.18786879451982,4.124553083076103,60.47244094488189,73.14285714285714,12.67041619797525,32.4982527435291,11.230650603376537,0.029093562823859987,0.010213683775765927,-0.12941175699234,-0.0039215683937072,70.0
271.08395509421825,05,4,09,0.3836,-0.4212,1.9901,2.7949,66.20193641902733,4.107809403666828,60.47244094488189,73.14285714285714,12.67041619797525,32.73913891225327,11.223952926382898,0.030528714549470787,0.010680038240925551,-0.12941175699234,-0.0039215683937072,70.0
271.9108063727617,05,4,09,0.3645,-0.4044,1.8763,2.6452,66.2376711642008,4.127630603875409,60.47244094488189,73.14285714285714,12.67041619797525,32.95499574086107,11.129407275966324,0.03238759460873296,0.01188991783883826,-0.12941175699234,-0.003921568393707199,70.0
272.94553220272064,05,4,09,0.3421,-0.3777,1.8843,2.6041,66.180786491727,4.082258435558426,60.47244094488189,73.14285714285714,12.67041619797525,33.684006603804995,10.618978435644566,0.0317176652835969,0.012076395288063669,-0.12941175699234,-0.0039215683937072,70.0
274.00894425809383,05,4,09,0.3222,-0.3435,1.9161,2.5818,65.98150772114809,3.881978076385198,60.47244094488189,73.14285714285714,12.67041619797525,35.35522585421024,9.486414773917652,0.029320209621757236,0.011736409990910475,-0.12941175699234,-0.0039215683937072,70.0
275.05110315978527,05,4,09,0.2969,-0.3038,1.6364,2.2371,65.56683897557781,3.3060879478106298,60.47244094488189,72.15569605843469,11.683255113552796,36.33219429951465,8.715713684289971,0.0301683299261236,0.01328169340569517,-0.12941175699234,-0.0039215683937072,70.0
275.92425271868706,05,4,09,0.273,-0.2669,1.7655,2.3054,65.90859399366272,3.201157203347768,60.47244094488189,69.81818181818181,9.345740873299924,35.15238112218705,9.423165392238118,0.033418976698071354,0.014731201904829353,-0.12941175699234,-0.0039215683937072,70.0
277.02845111489296,05,4,09,0.246,-0.2113,2.0066,2.4639,66.39895589040054,2.6735061767448633,60.50132811571744,69.81818181818181,9.316853702464371,33.77038757902302,10.63363377135804,0.03580104125387272,0.013726482097460788,-0.12941175699234,-0.003921568393707198,70.0
278.07778157293797,05,4,09,0.2213,-0.1536,2.027,2.4019,66.70494772829979,2.224064985936188,62.74190979410344,69.81818181818181,7.076272024078371,32.35696200086053,11.720646464160438,0.03658744419833242,0.013106373401349314,-0.12941175699234,-0.0039215683937072,70.0
279.11708392202854,05,4,09,0.2009,-0.0956,1.9137,2.2102,66.99244882477149,2.059179704805304,64.0,69.81818181818181,5.818181818181813,28.419255547324553,8.563791532615449,0.0380008772774853,0.012232008105920997,-0.12941175699234,-0.0039215683937072,70.0
279.9477372318506,05,4,09,0.1891,-0.0493,1.929,2.1674,67.7111569784031,2.204954040566251,64.1085079697489,71.77570093457943,7.667192964830534,26.18469952867943,6.8968912906343505,0.04107369473721663,0.012779098587168341,-0.12941175699234,-0.0039215683937072,70.0
280.9636238962412,05,4,09,0.1823,-0.0037,1.8447,2.0307,68.49248114305996,2.4677888166416517,64.53781512605042,75.05094428108767,10.513129155037248,25.271722530525885,6.500813951069423,0.04493180396729302,0.017000285990969307,-0.12941175699234,-0.003921568393707198,70.0
281.9719970226288,05,4,09,0.1771,-0.0508,1.634,1.8619,69.15542188940199,3.194096155030435,64.53781512605042,75.29411764705883,10.756302521008408,24.98338260194161,6.368248747061639,0.04994539847666419,0.0234622554579429,-0.12941175699234,-0.003921568393707198,70.0
283.00664238631725,05,4,09,0.1625,0.0925,1.3463,1.6013,69.76842569252447,3.6913329610896204,64.53781512605042,75.54369746241598,11.00588233636556,24.7461866557988,6.237099496000483,0.058620752200070084,0.02960776868804577,-0.12941175699234,-0.0039215683937072,70.0
284.03514213860035,05,4,09,0.1326,0.1281,1.232,1.4927,70.6187567226943,4.329064973199005,64.53781512605042,80.63525113350642,16.097436007455997,23.427330101013602,4.986965793696731,0.06889780945374338,0.032449353228592374,-0.12941175699234,-0.0039215683937072,70.0
285.06295792758465,05,4,09,0.0933,0.1588,1.4708,1.7229,71.90656695920583,5.365150888098141,64.53781512605042,81.70212765957447,17.164312533524054,21.790695712130656,3.7404369342624055,0.07512425912995824,0.034938615917739745,-0.12941175699234,-0.0039215683937072,70.0
286.09871976077557,05,4,09,0.0566,0.1856,1.7723,2.0145,72.6719777365216,5.473212174749802,64.53781512605042,81.70212765957447,17.164312533524054,20.720707270021553,4.226750800453554,0.07975973975607648,0.035040467077694926,-0.12941175699234,-0.0039215683937072,70.0
287.11305744946003,05,4,09,0.0278,0.2058,1.7006,1.9342,73.42325520603136,4.903597915051343,64.53781512605042,81.70212765957447,17.164312533524054,20.01513113034576,5.009968204563851,0.08395506306839048,0.03248048824231266,-0.12941175699234,-0.003921568393707199,70.0
287.92020455002785,05,4,09,0.0258,0.2182,1.7062,1.9502,74.66772290488909,3.996505485019021,64.85672182266303,81.70212765957447,16.84540583691144,19.37520044876596,5.711513734352125,0.08746508803956762,0.02803006620400531,-0.12941175699234,-0.003921568393707199,70.0
288.9321181923151,05,4,09,0.0462,0.2266,1.5758,1.8486,75.70052458360644,3.033615071335988,69.48212189539666,81.70212765957447,12.220005764177813,18.713687906515116,6.160811212524486,0.08928186659309703,0.025019673823010694,-0.12941175699234,-0.003921568393707199,70.0
289.9569969624281,05,4,09,0.0587,0.2338,1.3966,1.6891,76.13110390017225,2.685116072249074,71.77570093457943,81.70212765957447,9.92642672499504,18.513740854594353,6.185672923393935,0.08892859289611924,0.025408299471876068,-0.12941175699234,-0.0039215683937072,70.0
291.00883193314075,05,4,09,0.0689,0.2354,1.6136,1.9179,76.15668459370394,2.6459696542306648,70.8800591936521,81.70212765957447,10.82206846592237,18.66739795593157,6.3338536431916665,0.08671274983737161,0.027083058568378567,-0.12941175699234,-0.003921568393707199,70.0
292.0473597943783,05,4,09,0.0792,0.2341,1.7624,2.0757,75.59458423962977,3.2928068137495274,69.1891891891892,81.70212765957447,12.51293847038528,18.269914291424186,5.940546244559382,0.08284331517996026,0.027847266190796978,-0.12941175699234,-0.003921568393707199,70.0
293.095825240016,05,4,09,0.0904,0.2297,1.6447,1.9648,75.04062256127743,3.7357469695595107,68.32532951560648,81.70212765957447,13.376798143967989,17.49322417832579,5.211526056527316,0.07659984819934311,0.026540407329198292,-0.12941175699234,-0.003921568393707199,70.0
294.11206394433975,05,4,09,0.0859,0.2208,1.1585,1.4652,74.08053748526713,4.199633475578805,67.408123312399,81.70212765957447,14.294004347175473,17.00970398176709,4.895780258472486,0.06698744796735198,0.02511091191627186,-0.12941175699234,-0.003921568393707199,70.0
294.94305923581123,05,4,09,0.0743,0.2114,1.2979,1.5836,72.62253886732249,3.8460588683370434,66.78260869565217,81.64261175398737,14.860003058335195,19.906099838902424,11.186622510544796,0.05776766499277615,0.021848521477414767,-0.12941175699234,-0.003921568393707199,70.0
295.993335172534,05,4,09,0.0585,0.1999,1.3658,1.6242,71.93397254668437,3.6422226861162375,66.78260869565217,77.57575757575758,10.793148880105406,23.236647109979636,13.757069989797694,0.05172563889569519,0.016679559702850434,-0.12941175699234,-0.0039215683937072,70.0
297.0549367368221,05,4,09,0.0385,0.1836,1.177,1.3991,71.66036956145004,3.659353977188131,66.78260869565217,77.57575757575758,10.793148880105406,24.920543448731053,13.309524266792794,0.047637192770659254,0.01331188496530388,-0.12941175699234,-0.0039215683937072,70.0
297.9111582040787,05,4,09,0.0233,0.1678,1.2582,1.4493,70.98285391281672,3.19985133415173,66.78260869565217,77.57575757575758,10.793148880105406,25.84928128548492,12.591566566288087,0.04522195178440102,0.012067355733378634,-0.12941175699234,-0.0039215683937072,70.0
298.9581551402807,05,4,09,0.0071,0.1458,1.0662,1.2191,70.20690219316239,2.4662467543052555,66.78260869565217,77.53348303279965,10.75087433714748,26.35692303943307,12.102736211564503,0.043805376854769894,0.011768717615071764,-0.12941175699234,-0.0039215683937072,70.0
299.98121336102486,05,4,09,-0.0155,0.1192,0.9848,1.1195,69.53984889890148,1.6618595610391982,66.78260869565217,74.08403630468263,7.301427609030455,25.940748166037473,12.366529604646619,0.04247907698111034,0.01139499951570504,-0.12941175699234,-0.0039215683937072,70.0
301.0302823036909,05,4,09,-0.0427,0.0875,1.1225,1.2527,68.84966970325192,1.4901308956701755,65.20754619261959,71.11111111111111,5.903564918491526,24.769839535712897,12.892328196832485,0.04103277358718153,0.010430493617423152,-0.12941175699234,-0.0039215683937072,70.0
302.0777117460966,05,4,09,-0.0675,0.0486,1.2416,1.3577,68.28384032467423,2.052320161802775,62.96501192035068,71.11111111111111,8.146099190760431,23.805770188859285,13.361485757973758,0.03965303921391836,0.008658031197083605,-0.12941175699234,-0.0039215683937072,70.0
302.9183831065893,05,4,09,-0.0908,0.0155,1.2687,1.375,67.56835036168789,2.575828162244242,62.4390243902439,71.11111111111111,8.672086720867213,23.146346734847945,13.725752832865293,0.03923119349815889,0.007813365450996416,-0.12941175699234,-0.0039215683937072,70.0
303.96174900233746,05,4,09,-0.1252,-0.033,1.223,1.3812,67.11042982499711,2.8981357954316245,62.4390243902439,71.11111111111111,8.672086720867213,22.61570211288493,14.014492278564925,0.04177378498255702,0.007486864891695256,-0.12941175699234,-0.003921568393707198,70.0
304.9905102699995,05,4,09,-0.1604,-0.0808,1.391,1.6322,67.03606747997719,2.9263382692531676,62.4390243902439,71.11111111111111,8.672086720867213,19.22901499742191,10.724249058562737,0.044691237499875774,0.005439110018458131,-0.12941175699234,-0.003921568393707198,70.0
306.03319220244884,05,4,09,-0.2012,-0.1305,1.2482,1.5799,66.74634931651046,2.7776437549706903,62.4390243902439,70.92566271610163,8.486638325857726,15.791275901570128,4.96654218774062,0.045807985973198254,0.005656425270792446,-0.12941175699234,-0.0039215683937072,70.0
306.9257039576769,05,4,09,-0.2387,-0.1741,1.3096,1.7224,66.25705581960219,2.5549416453051803,62.4390243902439,70.45871559633028,8.019691206086378,14.237836670945338,2.3506415693570406,0.046521057010208075,0.005492660249700751,-0.12941175699234,-0.003921568393707198,70.0
308.0456133931875,05,4,09,-0.2878,-0.2274,1.2554,1.7706,65.8025883532988,2.1868822570154274,62.4390243902439,69.81818181818181,7.379157427937912,13.568300129497947,1.327799492135228,0.046841558934936724,0.005237781421861878,-0.12941175699234,-0.003921568393707198,70.0
308.9354496449232,05,4,09,-0.3202,-0.2682,1.4137,2.0021,65.59757439395169,1.9251983093153557,62.4390243902439,69.81818181818181,7.379157427937912,13.2990912114689,0.8012099674711581,0.04673333292752754,0.0054176544410325595,-0.12941175699234,-0.003921568393707199,70.0
310.0443050265312,05,4,09,-0.3329,-0.3155,1.2639,1.9123,65.48574097297076,1.7290890382776463,62.4390243902439,67.96460176991151,5.5255773796676095,13.418187213350405,1.1152115878554139,0.04590346163177282,0.00691407221915667,-0.12941175699234,-0.003921568393707198,70.0
310.9413128346205,05,4,09,-0.3091,-0.3498,1.516,2.1749,65.46518346355742,1.7735406490224577,62.4390243902439,67.96460176991151,5.5255773796676095,14.095823169157205,2.5249010678613195,0.04400972210189293,0.009796219097649578,-0.12941175699234,-0.003921568393707199,70.0
312.0395466685295,05,4,09,-0.2465,-0.386,1.315,1.9475,65.36147589520951,1.8699027511833717,62.4390243902439,67.96460176991151,5.5255773796676095,16.347075529864757,7.0730502105213615,0.04143044746545247,0.012112613179015524,-0.12941175699234,-0.003921568393707199,70.0
312.9653211683035,05,4,09,-0.1819,-0.4133,1.2009,1.7961,65.60927281230975,1.7379684578322223,62.44176336560984,67.96460176991151,5.522838404301673,18.906009074718444,9.51810748952672,0.039076563927250806,0.01250725094343923,-0.12941175699234,-0.003921568393707199,70.0
314.090159162879,05,4,09,-0.1148,-0.4432,0.7088,1.2668,66.06396600582929,1.6181944055212578,62.950819672131146,67.96460176991151,5.013782097780364,20.458198746929067,9.676203964758479,0.03785993208294821,0.011803146113347542,-0.12941175699234,-0.003921568393707199,70.0
314.9645257741213,05,4,09,-0.075,-0.4618,0.5416,1.0784,66.05290292346442,1.5921157958861776,62.950819672131146,67.96460176991151,5.013782097780364,21.15695317019652,9.355825953237657,0.03967221822220187,0.015472810946092987,-0.12941175699234,-0.003921568393707199,70.0
316.07347168028355,05,4,09,-0.0528,-0.4876,0.2458,0.7862,65.98566454531496,1.5863509740377004,62.950819672131146,67.96460176991151,5.013782097780364,21.320977851256078,9.22824940011966,0.04607718685907569,0.028022620183588056,-0.12941175699234,-0.003921568393707199,70.0
316.95647835731506,05,4,09,-0.0455,-0.5065,0.409,0.961,66.76319928819653,2.688201863836793,62.950819672131146,74.5631067961165,11.612287123985354,21.16180521216378,9.385973198674872,0.05787779516385615,0.0459652605876571,-0.12941175699234,-0.003921568393707199,70.0
318.06871332228184,05,4,09,-0.0324,-0.529,0.4023,0.9637,67.62528855008111,3.47379017097181,62.950819672131146,75.53683868670099,12.586019014569843,20.800205068917098,9.74855927272997,0.07512788048769078,0.06571396738668155,-0.12941175699234,-0.003921568393707199,70.0
319.015821442008,05,4,09,-0.0034,-0.5492,0.6245,1.1771,68.70288367604886,4.706724879965802,62.950819672131146,80.0,17.049180327868854,20.249417115846608,10.242496710727458,0.09709213259381058,0.0841372389989619,-0.12941175699234,-0.003921568393707199,70.0
320.10610923171043,05,4,09,0.0515,-0.5677,0.5156,1.1348,69.79933530419996,5.597414213312491,62.950819672131146,80.0,17.049180327868854,19.457349113193725,10.806587355369901,0.1226574518062364,0.09802252438958706,-0.12941175699234,-0.003921568393707199,70.0
320.95818668603897,05,4,09,0.102,-0.5757,0.1454,0.8231,70.1827693854367,5.455042228330844,62.950819672131146,80.0,17.049180327868854,18.21128345944698,11.289784664625792,0.14992350850257968,0.10419814503004773,-0.12941175699234,-0.003921568393707199,70.0
321.96673080325127,05,4,09,0.1558,-0.5801,-0.0794,0.8153,70.85405355099883,4.932334491404939,62.950819672131146,80.0,17.049180327868854,15.454900650249538,9.87555671490253,0.17666365719262905,0.1017077480532576,-0.12941175699234,-0.003921568393707199,70.0
322.96957187354565,05,4,09,0.1891,-0.5735,-0.1852,0.9478,71.5705975808128,4.534368500779852,65.64102564102564,80.0,14.358974358974365,12.412141172347138,6.45861129674833,0.20087613852700023,0.09141252956660294,-0.12941175699234,-0.003921568393707199,70.0
323.99220764636993,05,4,09,0.1775,-0.5624,-0.3005,1.0404,71.78307847523484,4.394850341970791,65.64102564102564,80.0,14.358974358974365,10.365248385610554,3.766749900345294,0.2209606590892772,0.07465053071895529,-0.12941175699234,-0.003921568393707199,70.0
325.0015262514353,05,4,09,0.1373,-0.5439,-0.0693,0.7505,72.1476900713916,4.049612557370655,65.64102564102564,80.0,14.358974358974365,9.155670243915019,2.116226931482732,0.23471754323545158,0.056344071838204404,-0.12941175699234,-0.003921568393707198,70.0
326.0245945304632,05,4,09,0.0989,-0.517,-0.0183,0.6342,72.64971537298736,3.516050831586869,67.92566550009244,80.0,12.074334499907565,8.463137494889711,1.1639213307133547,0.24050947171849857,0.04574512690270332,-0.12941175699234,-0.003921568393707198,70.0
327.01871506869793,05,4,09,0.0525,-0.4871,0.148,0.6876,72.68402135272578,3.474717198883179,68.57142857142857,80.0,11.42857142857143,8.07446655980144,0.6449963704362237,0.23761762909419684,0.05085592634288048,-0.12941175699234,-0.0039215683937072,70.0
328.04177328944206,05,4,09,-0.0051,-0.452,0.111,0.5681,73.0326308616633,3.820621119809204,68.57142857142857,80.97677556804166,12.40534699661309,7.961000437999026,0.49663938149921044,0.2262417037211287,0.06505195417188916,-0.12941175699234,-0.0039215683937072,70.0
329.03805635869503,05,4,09,-0.0727,-0.4132,0.0506,0.5365,73.56061159484959,4.728762362680584,68.57142857142857,84.3956043956044,15.824175824175825,8.64974807630107,2.615164227784953,0.20737284387116506,0.07881628995742813,-0.12941175699234,-0.003921568393707199,70.0
330.01359924674034,05,4,09,-0.1456,-0.372,0.1363,0.6539,73.86368839777704,5.140102796931756,68.57142857142857,84.3956043956044,15.824175824175825,10.613162628358555,6.398150030699471,0.18206354172677686,0.08914354457668884,-0.12941175699234,-0.003921568393707199,70.0
331.00650273263454,05,4,09,-0.2165,-0.3306,0.202,0.7491,74.08484464964135,5.170487657130179,64.15575732408485,84.3956043956044,20.23984707151955,13.506175823467572,10.227340184798003,0.15400322131110436,0.0930885817650467,-0.12941175699234,-0.003921568393707199,70.0
332.01056085526943,05,4,09,-0.2793,-0.2857,0.3591,0.9241,73.07035843456727,6.729284982835737,56.10474583023673,84.3956043956044,28.290858565367664,21.20403677766985,23.8385013467769,0.12696960221577291,0.08961731575020943,-0.12941175699234,-0.003921568393707199,70.0
333.0120239406824,05,4,09,-0.3216,-0.2389,0.4217,0.9822,71.53042216263364,8.310180229900222,55.65217391304348,84.3956043956044,28.743430482560917,25.324550527750393,24.96810860961519,0.10309802653980549,0.07993498680847307,-0.12941175699234,-0.003921568393707199,70.0
334.0275686234236,05,4,09,-0.335,-0.1848,0.248,0.7678,70.48247614759279,9.086490206224047,55.65217391304348,84.3956043956044,28.743430482560917,27.071650811320154,24.300414048785225,0.08257902061813975,0.06688001820088664,-0.12941175699234,-0.003921568393707199,70.0
335.0145176053047,05,4,09,-0.3233,-0.1292,0.3432,0.7957,69.2950102140351,9.83922905394711,55.65217391304348,84.3956043956044,28.743430482560917,28.075618095908016,23.67571273884998,0.06579376841511234,0.0523077185030263,-0.12941175699234,-0.003921568393707199,70.0
336.05165742337704,05,4,09,-0.2904,-0.0681,0.2056,0.5641,68.07664478280643,10.309061910381667,55.65217391304348,84.3956043956044,28.743430482560917,28.926239922460628,23.06647553141705,0.05293027288023942,0.0378594276302582,-0.12941175699234,-0.003921568393707199,70.0
337.059598043561,05,4,09,-0.2479,-0.0068,0.1302,0.3849,66.69429680220733,10.430063274944075,55.65217391304348,84.3956043956044,28.743430482560917,29.73832119912679,22.43122080858082,0.04392608507017807,0.025139421640844713,-0.12941175699234,-0.003921568393707199,70.0
338.0774762481451,05,4,09,-0.2063,-0.0511,0.0822,0.3396,65.08643332340294,9.801550464529647,55.65217391304348,84.3956043956044,28.743430482560917,30.423675170096043,21.866669780523946,0.038539914493580886,0.015960557416317397,-0.12941175699234,-0.003921568393707199,70.0
338.91029208898544,05,4,09,-0.1822,-0.0974,0.2378,0.5174,62.98841334902352,7.660489548977952,55.65217391304348,83.94085444959394,28.288680536550466,30.382828871107517,21.86465723687344,0.036477097841507114,0.012416071393731985,-0.12941175699234,-0.003921568393707199,70.0
339.9624690413475,05,4,09,-0.1557,0.1496,0.2429,0.5482,61.119296692065085,4.404178307151646,55.65217391304348,78.57846727341628,22.926293360372803,29.115380127220668,22.31662291837876,0.03806385914307056,0.012633946272882765,-0.12941175699234,-0.003921568393707199,70.0
340.9665271639824,05,4,09,-0.1445,0.1964,0.1657,0.5066,60.51212048538499,2.7573918442808636,55.65217391304348,66.75057129266843,11.098397379624949,27.02591647665175,22.392838427327586,0.04159460286388733,0.010399961770908798,-0.12941175699234,-0.003921568393707199,70.0
341.9533856213093,05,4,09,-0.1625,0.2394,-0.0277,0.4296,61.268436052165,3.275109093878045,55.65217391304348,67.44415244500505,11.791978531961568,20.26399515142286,10.676410127678315,0.04493017340912403,0.006580282059500741,-0.12941175699234,-0.003921568393707199,70.0
342.9648667573929,05,4,09,-0.2088,0.2751,0.1637,0.6476,62.395627027311335,3.4803450490421755,57.74436090225564,68.87791980002139,11.133558897765745,17.148275520106562,3.074449257787653,0.046983188170006636,0.004370696899042061,-0.12941175699234,-0.003921568393707199,70.0
343.98421347141266,05,4,09,-0.2599,0.3003,0.3803,0.9405,63.421264704307625,3.910320424092314,57.74436090225564,70.167752339425,12.42339143716935,16.41090424210362,1.1091548708631322,0.04837920032556678,0.0028058683397700988,-0.12941175699234,-0.003921568393707199,70.0
344.9961371719837,05,4,09,-0.2846,0.3125,0.3596,0.9567,64.64527849477099,3.9239069285844748,58.3660564189321,70.45871559633028,12.092659177398183,16.405900211234787,1.051765465720427,0.04948358773119005,0.002023266919965705,-0.12941175699234,-0.003921568393707199,70.0
345.9900766611099,05,4,09,-0.2739,0.3099,0.5558,1.1396,65.5474379626781,3.471831357221919,58.90477280098209,70.45871559633028,11.553942795348192,16.533490843170586,1.0730431462460386,0.050749335251422986,0.0028330044474959015,-0.12941175699234,-0.003921568393707199,70.0
346.9839356839657,05,4,09,-0.221,0.2936,0.6602,1.1748,66.09802831365562,2.864934831807804,60.79263493971715,70.45871559633028,9.666080656613126,16.6558836473401,1.0297260392415495,0.0523558255615598,0.00450870137402785,-0.12941175699234,-0.003921568393707199,70.0
348.0097599327564,05,4,09,-0.1286,0.2632,0.582,0.9738,66.34940926299855,2.5717775098202003,62.34671065520679,70.45871559633028,8.112004941123487,16.71783173534967,0.9677305655246726,0.05408954206211923,0.0058184648930134295,-0.12941175699234,-0.003921568393707199,70.0
349.04933385550976,05,4,09,-0.0575,0.2237,0.3461,0.6273,67.05422012323561,2.4542171980241685,62.4390243902439,72.45283018867924,10.013805798435342,16.703089901784875,0.9946483237224917,0.0553141796611326,0.00601049023208873,-0.12941175699234,-0.003921568393707199,70.0
350.0763650983572,05,4,09,-0.045,0.1805,0.0038,0.2293,67.94185115625461,2.4860091856551794,63.47107438016529,72.45283018867924,8.981755808513952,16.614719806552774,1.1418424319586542,0.05560786430944311,0.005863981553728101,-0.12941175699234,-0.003921568393707199,70.0
351.0911352932453,05,4,09,-0.0833,0.1326,0.0989,0.3148,67.99585377932358,2.5219430067057553,63.47107438016529,72.45283018867924,8.981755808513952,16.45325112728247,1.2948626128644654,0.05519061474844546,0.006368964996200595,-0.12941175699234,-0.003921568393707199,70.0
352.112041041255,05,4,09,-0.1624,0.08,0.2033,0.4457,67.76204918378718,2.6997707041370007,63.47107438016529,72.45283018867924,8.981755808513952,16.327030731838203,1.2772299886664036,0.05469562030042687,0.006894320915818954,-0.12941175699234,-0.003921568393707199,70.0
352.9320627450943,05,4,09,-0.2445,0.0331,0.2787,0.5563,67.90530781621177,2.775598741799989,63.47107438016529,72.45283018867924,8.981755808513952,16.357970290056137,1.3274857870717025,0.05439390281990827,0.007136310824288534,-0.12941175699234,-0.003921568393707199,70.0
353.97421158850193,05,4,09,-0.3303,0.0326,0.3291,0.692,67.91670587867816,2.781461259063191,63.47107438016529,72.45283018867924,8.981755808513952,16.473875106040822,1.4864462689564844,0.054311258350118366,0.007185360860360176,-0.12941175699234,-0.003921568393707199,70.0
355.0183620303869,05,4,09,-0.3841,-0.1029,0.2983,0.7853,67.8803559046845,2.759455293571629,63.47107438016529,72.45283018867924,8.981755808513952,16.541901666918687,1.5515589439121866,0.05415221224818654,0.007226396986530988,-0.12941175699234,-0.003921568393707199,70.0
356.0459967702627,05,4,09,-0.4341,-0.1769,0.4126,1.0236,68.11634355880548,2.836846814003357,63.47107438016529,72.45283018867924,8.981755808513952,16.51949048215568,1.546308139050475,0.05342339387209366,0.0071585648156924885,-0.12941175699234,-0.003921568393707199,70.0
357.0820201188326,05,4,09,-0.4881,-0.256,0.5396,1.2837,68.31127307067365,2.6808000274742447,63.47107438016529,72.45283018867924,8.981755808513952,16.420387229055557,1.5577862591457474,0.05200634076512015,0.006402276098722146,-0.12941175699234,-0.003921568393707199,70.0
357.9320255666971,05,4,09,-0.5301,-0.3218,0.5835,1.4354,68.5132853218539,2.4167337321968416,64.53781512605042,72.45283018867924,7.915015062628825,16.300571181966664,1.6352824008573341,0.050205824479516756,0.004530446328530183,-0.12941175699234,-0.003921568393707199,70.0
359.02749337255955,05,4,09,-0.5827,-0.4093,0.5765,1.5685,68.4090440541742,2.309706946350995,64.53781512605042,72.45169463091916,7.913879504868746,16.149843010275852,1.8086891045436337,0.04882883514552525,0.002430218013719222,-0.12941175699234,-0.0039215683937072,70.0
359.90323796868324,05,4,09,-0.6265,-0.4797,0.4921,1.5983,67.96151935390033,1.972654492189057,64.53781512605042,71.11111111111111,6.573295985060696,15.936748817406945,2.1063252709000846,0.04913158491475623,0.003176409723241156,-0.12941175699234,-0.003921568393707198,70.0
361.02859899401665,05,4,09,-0.6911,-0.5719,0.498,1.761,68.00186996467572,1.8350906619037184,64.53781512605042,71.11111111111111,6.573295985060696,15.601309932844119,2.5251094330817927,0.05189379291174419,0.00808469142029126,-0.12941175699234,-0.003921568393707198,70.0
362.04423420131207,05,4,09,-0.7833,-0.6572,0.6261,2.0666,68.24059045186493,1.52696942287764,66.20689655172414,71.11111111111111,4.904214559386972,15.036843827339945,2.9509633674274522,0.057010369466839954,0.015478106518403156,-0.12941175699234,-0.003921568393707198,70.0
363.06306794285774,05,4,09,-0.8867,-0.743,0.9092,2.5389,68.16510790544118,1.431516919816875,66.20689655172414,71.11111111111111,4.904214559386972,14.212963384373223,3.107358085386394,0.06425524056164274,0.024035307871946496,-0.12941175699234,-0.003921568393707198,70.0
364.0866491943598,05,4,09,-0.9783,-0.8297,1.0301,2.8381,68.11298040714941,1.3805436874891621,66.20689655172414,71.11111111111111,4.904214559386972,13.302347726370831,2.921399910712362,0.07316147754069176,0.03220711565837242,-0.12941175699234,-0.0039215683937072,70.0
365.1069413870573,05,4,09,-1.0363,-0.9124,0.79,2.7387,68.16249075808685,1.4534064727595577,66.20689655172414,71.5313942928559,5.324497741131751,12.545070141621997,2.493962456324417,0.08294028220501423,0.03830190659873803,-0.12941175699234,-0.0039215683937072,70.0
365.92532359063625,05,4,09,-1.0563,-0.9745,0.5088,2.5396,68.37584113020118,1.8081454094110267,66.20689655172414,72.45283018867924,6.245933636955101,12.100779766886347,2.002915710849419,0.09224550123444898,0.04057058926157334,-0.12941175699234,-0.0039215683937072,70.0
366.94009378552437,05,4,09,-1.0522,-1.0449,0.4113,2.5084,68.85182472053457,1.988323427659198,66.20689655172414,72.45283018867924,6.245933636955101,12.011554514249337,1.8541271856487438,0.09974218429720998,0.038858784161163805,-0.12941175699234,-0.0039215683937072,70.0
367.9591789841652,05,4,09,-1.0418,-1.0998,0.3808,2.5224,69.31971345341229,1.867366640447624,66.6930262942282,72.45283018867924,5.759803894451039,12.104538919348421,2.003369864135935,0.10541077069017507,0.034810908294810324,-0.12941175699234,-0.0039215683937072,70.0
368.97679567337036,05,4,09,-1.0401,-1.141,0.2923,2.4734,69.55000208757282,1.8717272299901058,66.78260869565217,72.45283018867924,5.670221493027071,12.246294466093598,2.142561285168738,0.11020362194322683,0.02943039911313483,-0.12941175699234,-0.0039215683937072,70.0
369.97394375503063,05,4,09,-1.0545,-1.1618,0.1953,2.4116,69.90305539015628,1.7911480326008324,66.78260869565217,72.45283018867924,5.670221493027071,12.393507830849916,2.188935012575013,0.11367543078135092,0.024417651902570118,-0.12941175699234,-0.003921568393707199,70.0
370.9561351686716,05,4,09,-1.0803,-1.1687,0.3581,2.6071,70.38210204100822,1.5210939442664015,66.78260869565217,72.45283018867924,5.670221493027071,12.525413924544953,2.153560356489731,0.11504659120435896,0.022354955092663976,-0.12941175699234,-0.003921568393707199,70.0
371.9362545758486,05,4,09,-1.098,-1.1567,0.4529,2.7076,70.84492474315905,1.1081604102786529,68.17667137326151,72.45283018867924,4.27615881541773,12.636642613275393,2.0688336806146808,0.113830841930241,0.02352095643566153,-0.12941175699234,-0.003921568393707199,70.0
373.0984188616276,05,4,09,-1.0909,-1.1169,0.3422,2.55,71.15231786760748,0.9088502914018805,69.18180865384267,72.45283018867924,3.271021534836578,12.728480520775353,1.9640876800316183,0.11003892467486573,0.025153525263576705,-0.12941175699234,-0.003921568393707199,70.0
374.04450103640556,05,4,09,-1.0764,-1.0644,0.2066,2.3474,71.54108705311053,0.829878334687401,69.2058022239879,73.84615384615384,4.640351622165937,12.788116952184126,1.8824749826651557,0.10413146016146424,0.024573824344438455,-0.12941175699234,-0.003921568393707199,70.0
374.99905228614807,05,4,09,-1.0677,-0.9993,0.0608,2.1278,71.89236371389228,0.9433717682492714,70.45871559633028,73.84615384615384,3.3874382498235605,12.726636023012333,1.9546952667550408,0.0970206390485726,0.020555957626987365,-0.12941175699234,-0.003921568393707199,70.0
375.96232406795025,05,4,09,-1.0738,-0.9255,0.0172,2.0165,71.93772499232675,0.9939785937688492,70.45871559633028,73.84615384615384,3.3874382498235605,12.438152543992542,2.1403918183519735,0.09021820515906218,0.014266238565241384,-0.12941175699234,-0.003921568393707199,70.0
376.984004303813,05,4,09,-1.0969,-0.8393,-0.0295,1.9657,71.61422253342423,1.502708759818462,65.87161652982635,73.84615384615384,7.974537316327485,11.892177200192625,2.122158414106909,0.08511301744860314,0.009381477413370342,-0.12941175699234,-0.003921568393707199,70.0
377.9795028269291,05,4,09,-1.1226,-0.7581,-0.1649,2.0456,71.03038521150299,2.4802432338030798,64.53781512605042,73.84615384615384,9.308338720103421,11.253549892103349,1.8307405467741635,0.08166724317818616,0.007744100772957247,-0.12941175699234,-0.003921568393707199,70.0
378.9817404001951,05,4,09,-1.092,-0.6781,-0.1184,1.8885,70.57594091347212,2.8810015596551724,64.53781512605042,73.84615384615384,9.308338720103421,10.67602550794369,1.4463270951922376,0.07867401150641157,0.0075336990317788075,-0.12941175699234,-0.003921568393707199,70.0
379.9441572278738,05,4,09,-1.008,-0.6022,-0.3567,1.9669,69.92214213603401,3.382856710462159,64.53781512605042,73.84615384615384,9.308338720103421,10.217890333721163,1.0755262202360958,0.07554348441130196,0.008223054068425524,-0.12941175699234,-0.003921568393707199,70.0
380.92747516930103,05,4,09,-0.9265,-0.5271,-0.3597,1.8133,69.25793534525337,3.633217760747278,64.53781512605042,73.84615384615384,9.308338720103421,9.936417389264907,0.7536795403870273,0.07225696385328526,0.009333545222821251,-0.12941175699234,-0.003921568393707199,70.0
381.93809129297733,05,4,09,-0.9031,-0.4478,-0.4347,1.7856,68.91667293486023,3.5742448683102075,64.53781512605042,73.84615384615384,9.308338720103421,9.87979092124073,0.6566760953150351,0.06921647804774894,0.009825588828932919,-0.12941175699234,-0.003921568393707199,70.0
383.1143472343683,05,4,09,-0.9696,-0.3515,-0.6399,1.961,68.7368775902468,3.4639457960349054,64.53781512605042,73.84615384615384,9.308338720103421,10.055706719120714,1.032685721385649,0.06754584194118914,0.009013838731729958,-0.12941175699234,-0.003921568393707199,70.0
384.07615050673485,05,4,09,-1.0639,-0.2716,-0.6631,1.9986,68.78651161383812,3.5694422865130337,64.53781512605042,76.11261284061686,11.574797714566444,10.394322459388137,1.5320828061555078,0.0677912166999439,0.009482549054901462,-0.12941175699234,-0.003921568393707199,70.0
385.0486658513546,05,4,09,-1.1651,-0.1884,-0.5278,1.8813,69.22993940569795,4.379776557127704,64.53781512605042,80.6422737391303,16.104458613079885,10.797773767207628,1.881878594635631,0.06928986761668215,0.011837502264372132,-0.12941175699234,-0.003921568393707199,70.0
385.9945770353079,05,4,09,-1.2335,-0.1072,-0.1767,1.5174,69.93242420838074,5.336484014946628,64.53781512605042,80.84210526315789,16.304290137107472,11.243930478698939,2.095166792082618,0.07060550783717402,0.013157709255232254,-0.12941175699234,-0.003921568393707199,70.0
386.9522362947464,05,4,09,-1.2527,-0.0216,-0.1847,1.459,70.8360651099598,5.753747792972874,64.53781512605042,80.84210526315789,16.304290137107472,11.725553462736217,2.1854601661365063,0.07072667258645332,0.01328137467894237,-0.12941175699234,-0.003921568393707199,70.0
387.96000592410564,05,4,09,-1.24,-0.0668,-0.3526,1.6594,71.5353123200932,5.455036999032835,64.53781512605042,80.84210526315789,16.304290137107472,12.243037088841385,2.157895861338889,0.06929110724807355,0.014140660836519757,-0.12941175699234,-0.003921568393707199,70.0
389.0857893973589,05,4,09,-1.2152,0.1456,-0.4612,1.822,71.79128715452431,5.252275064905533,64.53781512605042,80.84210526315789,16.304290137107472,12.845536314809703,2.055294276474799,0.06661022732845892,0.016882035787465534,-0.12941175699234,-0.003921568393707199,70.0
390.0355026125908,05,4,09,-1.2125,0.1939,-0.5512,1.9576,72.41519306503332,4.728930337591609,64.53781512605042,80.84210526315789,16.304290137107472,13.634856239230151,2.014436136151054,0.06367333816660443,0.020067083170774744,-0.12941175699234,-0.003921568393707199,70.0
391.0075854510069,05,4,09,-1.2393,0.2275,-0.3937,1.8605,73.27236218868117,4.022671885489712,65.95279205854483,80.84210526315789,14.88931320461306,14.556654016970944,2.1148904166493745,0.06172269447936311,0.021760455756576032,-0.12941175699234,-0.003921568393707199,70.0
391.99747145175934,05,4,09,-1.3027,0.2541,-0.552,2.1088,73.16546166864586,4.22137544305521,64.53781512605042,80.84210526315789,16.304290137107472,15.364784845639946,2.1230223309384293,0.0609791444054427,0.022151243986840225,-0.12941175699234,-0.003921568393707199,70.0
392.9574642330408,05,4,09,-1.3777,0.2693,-0.6476,2.2946,72.62213331638455,4.880521692539998,64.53781512605042,80.84210526315789,16.304290137107472,15.91304766944604,2.0401719901814044,0.05958662731594613,0.022225814645253722,-0.12941175699234,-0.003921568393707199,70.0
393.91719549894333,05,4,09,-1.4525,0.2794,-0.5798,2.3117,72.25457746235722,4.932997938245604,64.53781512605042,80.84210526315789,16.304290137107472,16.239886796279595,1.9361604067577856,0.05604380235571008,0.02108096089228032,-0.12941175699234,-0.003921568393707199,70.0
394.9342992156744,05,4,09,-1.5355,0.2781,-0.6011,2.4147,71.57851312621624,4.486444503299953,64.53781512605042,80.84210526315789,16.304290137107472,16.49232196446688,1.7996967686812424,0.05079845904596123,0.017523774431480926,-0.12941175699234,-0.003921568393707199,70.0
396.11512161791325,05,4,09,-1.5541,0.2711,-0.6238,2.449,70.74373397222432,3.5845119147956743,64.53781512605042,78.2226513434491,13.684836217398683,16.752053960217882,1.6303572458632378,0.04567555555204595,0.012397103366281245,-0.12941175699234,-0.003921568393707199,70.0
397.0790069550276,05,4,09,-1.5138,0.2535,-0.6942,2.4615,70.18850605991675,2.846198249581047,64.53781512605042,75.64287097177254,11.10505584572212,17.059644693842408,1.4150121940858411,0.042159181196625074,0.007834687938025707,-0.12941175699234,-0.003921568393707199,70.0
398.0918660759926,05,4,09,-1.451,0.2231,-0.6114,2.2855,69.8684175875868,2.7501837658404895,64.53781512605042,73.84615384615384,9.308338720103421,17.442979512772194,1.1569172124423006,0.0408127363266922,0.006213570218642755,-0.12941175699234,-0.003921568393707199,70.0
399.0491833537817,05,4,09,-1.3977,0.1809,-0.7575,2.3361,69.57109450730903,3.0110109362485176,64.53781512605042,73.84615384615384,9.308338720103421,17.97516490473068,1.2577588387176517,0.04141321781416196,0.006168713884378019,-0.12941175699234,-0.003921568393707199,70.0
400.0124551355839,05,4,09,-1.355,0.1233,-0.5049,1.9832,69.16973163877424,3.044752349092232,64.53781512605042,73.84615384615384,9.308338720103421,18.83330118224222,2.632045121340531,0.04244500082142512,0.00535112353084964,-0.12941175699234,-0.003921568393707199,70.0
400.9980160742998,05,4,09,-1.3457,0.046,-0.4992,1.8909,68.40754575145164,2.8023170097081413,64.53781512605042,73.14285714285714,8.60504201680672,20.364498377059448,5.423385629862252,0.04127392991667635,0.007611784054745422,-0.12941175699234,-0.003921568393707199,70.0
401.9909296184778,05,4,09,-1.3836,0.0439,-0.4327,1.8602,68.30426360175657,2.7304566488216526,64.53781512605042,73.14285714285714,8.60504201680672,22.518499310563037,8.096516298824744,0.04046881785981442,0.007592535897439542,-0.12941175699234,-0.003921568393707199,70.0
402.98868119716644,05,4,09,-1.4583,-0.149,-0.6088,2.2161,68.6638544686264,2.4771630095395776,65.08474576271186,73.14285714285714,8.058111380145277,23.931077056433253,8.483227558774724,0.0403455149230727,0.007424427535474232,-0.12941175699234,-0.003921568393707199,70.0
403.99566628038883,05,4,09,-1.5671,-0.2663,-0.72,2.5534,68.70957117097812,2.448287971009929,65.08474576271186,73.14285714285714,8.058111380145277,24.504594729415306,8.21654957518714,0.04055752462426983,0.007613739902946321,-0.12941175699234,-0.003921568393707199,70.0
405.0014544278383,05,4,09,-1.6282,-0.3907,-0.6573,2.6762,68.47737296475296,2.2735293533503027,65.08474576271186,73.14285714285714,8.058111380145277,24.578127521668016,8.155797639828522,0.04111387814979759,0.007765206015334146,-0.12941175699234,-0.003921568393707199,70.0
406.0551803559065,05,4,09,-1.6121,-0.5314,-0.5612,2.7047,68.30271810044421,2.090904702406735,65.08474576271186,73.14285714285714,8.058111380145277,24.38135628211281,8.363473151538434,0.04161501572471978,0.00768207092685245,-0.12941175699234,-0.003921568393707199,70.0
407.06520304083824,05,4,09,-1.4923,-0.6735,-0.3289,2.4947,68.07967319809208,1.7539583919627932,65.08474576271186,71.11111111111111,6.026365348399253,23.980562361396796,8.776281669209531,0.041735930236576,0.007647955215674889,-0.12941175699234,-0.003921568393707199,70.0
408.1019103527069,05,4,09,-1.3172,-0.8265,-0.2027,2.3464,68.05335008860659,1.7323153758817655,65.08474576271186,71.11111111111111,6.026365348399253,23.3712671905868,9.343338873455389,0.041712043148443956,0.007658539305805348,-0.12941175699234,-0.003921568393707199,70.0
408.9920986443758,05,4,09,-1.194,-0.9567,-0.4418,2.5925,68.12351652484736,1.6544861617414153,65.06972056161986,71.11111111111111,6.041390549491254,22.45291170624701,10.002011190063286,0.04233694469348639,0.008214538721021267,-0.12941175699234,-0.003921568393707199,70.0
410.05749218165874,05,4,09,-1.0932,-1.1139,-0.4707,2.6778,67.92687443691895,1.8925351071980978,64.53781512605042,71.11111111111111,6.573295985060696,20.96220545488481,10.498163234748441,0.04482588945929913,0.010644082474917337,-0.12941175699234,-0.003921568393707199,70.0
411.05402670800686,05,4,09,-0.9698,-1.2576,-0.4418,2.6692,67.89988740399428,1.9220410715348475,64.53781512605042,71.11111111111111,6.573295985060696,18.586115753963043,9.846226489716319,0.05059477820784543,0.012906735115703578,-0.12941175699234,-0.003921568393707199,70.0
412.0750229805708,05,4,09,-0.83,-1.3927,-0.1909,2.4136,67.90969642507054,1.9249875323635437,64.53781512605042,71.11111111111111,6.573295985060696,15.6127193207405,6.752772294836265,0.056182127725253585,0.017608136472423496,-0.12941175699234,-0.003921568393707199,70.0
413.1031807512045,05,4,09,-0.6621,-1.5158,0.1057,2.2836,67.98141392313818,1.9222817337183906,64.53781512605042,71.11111111111111,6.573295985060696,13.839684459360209,3.7809747112807623,0.06160172415336848,0.02256204895371136,-0.12941175699234,-0.003921568393707199,70.0
414.0864986926317,05,4,09,-0.5158,-1.6176,0.0168,2.1502,67.97332159652116,1.9031781276294601,64.53781512605042,70.96946373970866,6.43164861365824,13.611542935075596,3.2243343589652533,0.06803658181173712,0.02681873845882272,-0.12941175699234,-0.003921568393707199,70.0
415.0820877403021,05,4,09,-0.4152,-1.7041,-0.1684,2.2877,68.3226792325726,2.3760217693812242,64.53781512605042,73.85935253649131,9.321537410440897,13.992622072201598,3.80281497322889,0.07523248632509383,0.029422116000670625,-0.12941175699234,-0.003921568393707199,70.0
416.1027319729328,05,4,09,-0.3383,-1.7709,-0.2504,2.3596,68.86372512500112,3.117074867503142,64.53781512605042,76.54575915582834,12.007944029777917,14.415491614863237,4.09881008068507,0.08101531810822996,0.028259747109657157,-0.12941175699234,-0.003921568393707199,70.0
417.1014290302992,05,4,09,-0.3312,-1.8138,0.0353,2.1803,69.56478268792186,3.926727265128673,64.53781512605042,76.80366011017583,12.265844984125408,14.79233308221126,4.157815047467525,0.08273719889633505,0.026492719139671557,-0.12941175699234,-0.003921568393707199,70.0
418.08482743799686,05,4,09,-0.3889,-1.8346,0.2587,2.4822,70.43105109903523,4.526525574309264,64.53781512605042,77.57575757575758,13.03794244970716,15.279254648666875,4.126729870942349,0.0809959851785726,0.029555247283757666,-0.12941175699234,-0.003921568393707199,70.0
419.07704696059227,05,4,09,-0.5013,-1.8324,0.2023,2.536,71.43998011650683,4.6511311580119665,64.53781512605042,77.57575757575758,13.03794244970716,17.893699105853944,8.190509206754479,0.07891432988656127,0.03224264146598743,-0.12941175699234,-0.003921568393707199,70.0
420.05699537694454,05,4,09,-0.6353,-1.8011,0.5039,2.9403,72.78593322784745,4.4879315969146605,65.42430593023752,78.36734693877551,12.943041008537989,20.813866530211214,10.196475616200221,0.07734342147646223,0.03321114600456091,-0.12941175699234,-0.003921568393707199,70.0
421.00057303905487,05,4,09,-0.7114,-1.7315,0.636,3.0789,73.88691524932005,3.9341124170870856,65.64102564102564,78.36734693877551,12.726321297749877,22.343364077885628,9.711516387240803,0.07538367316778055,0.033477763490155,-0.12941175699234,-0.003921568393707199,70.0
421.9894230365753,05,4,09,-0.7485,-1.6258,0.4717,2.846,74.78279449132249,3.027083066147602,67.80260151371007,78.36734693877551,10.56474542506544,23.065795020408572,9.088126291437678,0.07314420456375478,0.032874337564797095,-0.12941175699234,-0.003921568393707199,70.0
422.95329831540585,05,4,09,-0.7588,-1.4877,0.4022,2.6487,75.51134404283607,2.3373771837005455,69.89730194015978,78.36734693877551,8.470044998615734,23.141928288794144,9.004485335815414,0.0707637233970286,0.03135655924023819,-0.12941175699234,-0.003921568393707199,70.0
423.92175011336803,05,4,09,-0.74,-1.31,0.4629,2.5129,76.17942128383332,1.582962028712151,70.9950095396492,78.36734693877551,7.372337399126309,22.60738767476581,9.287880836638232,0.06806768552995283,0.028620506176738707,-0.12941175699234,-0.003921568393707199,70.0
425.04849918186665,05,4,09,-0.6779,-1.0695,0.5897,2.3371,76.60622070772547,1.0551831788622086,73.87128924771187,78.36734693877551,4.4960576910636405,22.098634459553338,9.489769180325409,0.06507427054314875,0.024546207978587493,-0.12941175699234,-0.003921568393707199,70.0
425.9868063032627,05,4,09,-0.6135,-0.849,0.6225,2.085,76.74595646782689,0.885832025010742,75.29411764705883,78.36734693877551,3.073229291716686,21.98331416322648,9.533302298900237,0.060908101358734146,0.02176701219523534,-0.12941175699234,-0.003921568393707199,70.0
426.9396174699068,05,4,09,-0.5611,-0.6078,0.5829,1.7518,76.723441678373,0.8898667029659788,75.29411764705883,78.36734693877551,3.073229291716686,23.22420274214084,9.981673886032773,0.058251186946411015,0.023212592940636698,-0.12941175699234,-0.003921568393707199,70.0
428.0637715011835,05,4,09,-0.5266,-0.3062,0.7974,1.6302,76.63695375768948,0.8760032816118698,75.29411764705883,78.36734693877551,3.073229291716686,26.36521496143256,12.231467342627216,0.05947800718337089,0.02162423609800895,-0.12941175699234,-0.003921568393707199,70.0
429.03352081775665,05,4,09,-0.4991,-0.0335,1.0034,1.536,76.55753905394224,0.918373875238334,75.29411764705883,78.36734693877551,3.073229291716686,27.098921807938574,12.716074152212682,0.05958899980462917,0.02150172822232781,-0.12941175699234,-0.003921568393707199,70.0
430.0501920282841,05,4,09,-0.4088,-0.2672,0.7956,1.4716,76.245079300217,0.8024326062253829,74.56268878904451,78.36734693877551,3.8046581497309973,26.807451462260197,12.393253850947703,0.05651584387615512,0.024614168463261622,-0.12941175699234,-0.003921568393707199,70.0
430.96240796148777,05,4,09,-0.2487,0.5474,0.5162,1.3123,75.92508764383912,1.08694146779178,72.54070956842024,77.57575757575758,5.035048007337338,27.222095032057716,12.390041382721158,0.05331288235946372,0.0258057086923364,-0.12941175699234,-0.003921568393707199,70.0
432.0726413279772,05,4,09,-0.0111,0.9054,0.2279,1.1444,75.70021967166977,1.3915191123980069,72.45283018867924,77.57575757575758,5.1229273870783345,27.923661723578753,12.044865991631996,0.04991411682726842,0.025347987049549367,-0.12941175699234,-0.003921568393707199,70.0
433.031165599823,05,4,09,0.1647,1.217,0.2149,1.5966,75.37779609446216,1.5854222747299658,72.06389516532545,77.57575757575758,5.51186241043213,28.580091569273225,11.504215349397885,0.04595386682058901,0.02326764376222508,-0.12941175699234,-0.003921568393707199,70.0
433.96290466189384,05,4,09,0.2804,1.5077,0.1712,1.9593,74.8199250007066,1.879348544583398,71.11111111111111,77.57575757575758,6.464646464646464,29.15661658366333,10.949830644155655,0.04158969859131727,0.018985288418532382,-0.12941175699234,-0.003921568393707199,70.0
435.08031964302063,05,4,09,0.3479,1.819,0.1877,2.3546,74.27149261339775,1.970667171925921,70.60972168922505,77.26360442389652,6.65388273467147,29.918895615999013,10.262530375965639,0.037132090389531705,0.011257691205688475,-0.12941175699234,-0.003921568393707199,70.0
436.0048770904541,05,4,09,0.3523,2.0346,0.3168,2.7037,73.60735463891474,2.2423466996169052,69.35010150094634,76.8,7.44989849905366,30.813429175118436,9.538894209170502,0.03552412525647309,0.00784718228604087,-0.12941175699234,-0.003921568393707199,70.0
437.09593936800957,05,4,09,0.2818,2.2263,0.4474,2.9555,72.82159528134999,2.441528982779334,67.98965373395862,76.8,8.810346266041378,30.296163006946877,9.378273568956361,0.03655610740753668,0.007842086429813414,-0.12941175699234,-0.003921568393707199,70.0
438.01998384296894,05,4,09,0.1761,2.3228,0.5172,3.0161,72.09299902047506,2.366334121346182,67.96460176991151,76.75029349410046,8.78569172418895,27.39140304763105,7.6441983073447854,0.03690582889413733,0.007890837512298327,-0.12941175699234,-0.003921568393707199,70.0
439.01151940226555,05,4,09,0.1005,2.3484,0.6862,3.1351,71.61041790004442,2.0309634269067236,67.96460176991151,75.29411764705883,7.3295158771473155,24.48569191543057,5.7578540200975725,0.03778153860722726,0.007369408702095494,-0.12941175699234,-0.003921568393707199,70.0
439.9670161306858,05,4,09,0.1868,2.281,0.6512,3.119,71.1524968142633,1.6625019824694103,67.96460176991151,74.54429661599019,6.579694846078681,22.17320459338537,4.7747862765655045,0.03995851557582551,0.003944569677612923,-0.12941175699234,-0.003921568393707199,70.0
441.08451157808304,05,4,09,0.4365,2.0861,0.1075,2.6301,70.80772759663299,1.481287798432394,67.96460176991151,73.84615384615384,5.881552076242329,20.576684482011757,4.552562077789855,0.04120919948792047,0.00153969882945387,-0.12941175699234,-0.003921568393707199,70.0
442.05642342567444,05,4,09,0.624,1.8547,0.0746,2.5533,70.57914990179162,1.2697884090318745,67.96460176991151,73.83995585929632,5.875354089384814,19.688252797390714,4.440315535708294,0.04181860920010238,0.00131913948220295,-0.12941175699234,-0.003921568393707199,70.0
443.0119201540947,05,4,09,0.7056,1.5973,0.0368,2.3397,70.23024712406803,0.9853851174052193,67.96460176991151,72.04747020718436,4.08286843727285,19.429872515705433,4.384586701618867,0.04265373504665804,0.002582605299893097,-0.12941175699234,-0.003921568393707199,70.0
443.97432692348957,05,4,09,0.7091,1.3152,0.0795,2.1038,70.03626591716686,0.9291910809334752,67.96460176991151,71.77570093457943,3.8110991646679224,19.32071685666275,4.358268645641304,0.04382485138343494,0.004374059234709025,-0.12941175699234,-0.003921568393707199,70.0
445.1104000210762,05,4,09,0.784,0.9534,0.2979,2.0353,70.35423510146455,1.7933860270955584,67.96460176991151,76.8,8.835398230088487,18.85254328686121,4.089974590587701,0.04504003919762957,0.005571001501548351,-0.12941175699234,-0.003921568393707199,70.0
446.07289731502533,05,4,09,0.7684,0.6334,0.2665,1.6683,70.90515899603749,2.4037620230543,67.96460176991151,76.8,8.835398230088487,17.9786449306608,3.1006199999699975,0.046197488458487715,0.006112291478293229,-0.12941175699234,-0.003921568393707199,70.0
447.0810189843178,05,4,09,0.6516,0.2806,0.1567,1.0889,70.60533411245532,2.8308523856400725,65.08474576271186,76.8,11.715254237288136,17.31899091456222,2.216530736782845,0.047290180218129474,0.006110919107206436,-0.12941175699234,-0.003921568393707199,70.0
448.08523803949356,05,4,09,0.4524,0.0699,0.2025,0.7248,70.47337125114322,3.0783311236587902,65.08474576271186,76.8,11.715254237288136,17.18095381844082,2.080499346814142,0.04827857607165692,0.0056843152736779905,-0.12941175699234,-0.003921568393707199,70.0
449.1129733622074,05,4,09,0.264,-0.4434,0.2657,0.9731,70.90497776098896,3.3994648729358166,65.08474576271186,76.8,11.715254237288136,17.463694747954793,2.0405479146582053,0.04900785941653078,0.005046566989017438,-0.12941175699234,-0.003921568393707199,70.0
449.94491413235664,05,4,09,0.17,-0.7444,0.3453,1.2597,70.9425214258025,3.474245192077368,65.08474576271186,76.8,11.715254237288136,17.97074783393946,1.680775333187145,0.049380039255589134,0.004555832879599922,-0.12941175699234,-0.003921568393707199,70.0
450.9429272264242,05,4,09,0.1281,-1.0883,0.5522,1.7686,70.763556296395,3.5625491052475566,65.08474576271186,76.8,11.715254237288136,18.48031401013201,1.035605231693496,0.049423745601724196,0.004487405877193491,-0.12941175699234,-0.003921568393707199,70.0
452.0020142197609,05,4,09,0.1388,-1.4012,0.6891,2.2291,70.9221125733465,3.607150324061486,65.08474576271186,76.8,11.715254237288136,18.77231300014808,0.6623644812055854,0.04922914760783651,0.0047398312834553095,-0.12941175699234,-0.003921568393707199,70.0
453.06827276945114,05,4,09,0.0997,-1.6656,0.7048,2.4701,71.36108137979531,3.7146201319359426,65.08474576271186,77.31771446735208,12.232968704640214,18.781380392487723,0.6349572196235221,0.04865109102743507,0.0050209581686441246,-0.12941175699234,-0.003921568393707199,70.0
453.96623611450195,05,4,09,0.0087,-1.8407,0.8913,2.7407,72.14060577504225,4.033874874376518,65.08474576271186,77.57575757575758,12.491011813045716,19.00706267302868,1.2728546025016136,0.04745613293393415,0.005003101016628974,-0.12941175699234,-0.0039215683937072,70.0
455.03172017633915,05,4,09,-0.0151,-1.9519,0.6343,2.6013,71.78108452751425,3.970869192969154,65.08474576271186,77.57575757575758,12.491011813045716,20.18803974572797,3.924493523340843,0.04414160304243343,0.008652145781893503,-0.12941175699234,-0.0039215683937072,70.0
456.0661844909191,05,4,09,-0.0145,-1.9449,0.5262,2.4856,71.07066967012435,3.855463784786248,65.08474576271186,77.57575757575758,12.491011813045716,23.15765651883359,9.188388784718699,0.040551745014940105,0.01092514675833044,-0.12941175699234,-0.0039215683937072,70.0
457.08872973918915,05,4,09,-0.1294,-1.8458,0.4987,2.4739,71.60501844937967,3.4193470822267478,65.08474576271186,77.57575757575758,12.491011813045716,25.499192842772295,10.558681091442027,0.03781470201342381,0.01110710542131668,-0.12941175699234,-0.0039215683937072,70.0
458.0824177712202,05,4,09,-0.3902,-1.6637,0.5527,2.6066,72.05987714631864,3.0259141299005248,67.96460176991151,77.57575757575758,9.611155805846067,26.358499827854775,10.297847323454734,0.035894224036923536,0.010461036318408279,-0.12941175699234,-0.0039215683937072,70.0
459.0850878506899,05,4,09,-0.7429,-1.3885,0.9333,3.0647,71.62489715839413,2.8446474478865373,67.96460176991151,77.57575757575758,9.611155805846067,26.771591565835216,10.061428667191072,0.034804675292655705,0.009737644464191559,-0.12941175699234,-0.0039215683937072,70.0
460.08706390857697,05,4,09,-1.0787,-1.0282,1.1079,3.2148,71.88682402487548,2.8133924896474785,67.96460176991151,77.57575757575758,9.611155805846067,28.48011431552384,10.22005563740391,0.03394753589365433,0.009266288486904462,-0.12941175699234,-0.0039215683937072,70.0
461.023299023509,05,4,09,-1.4488,-0.6215,1.1555,3.2258,72.46300241510265,2.589657089622467,67.96460176991151,77.57575757575758,9.611155805846067,31.230791218937384,11.00834784153004,0.032515210197529745,0.00953396570620296,-0.12941175699234,-0.0039215683937072,70.0
461.9786247611046,05,4,09,-1.876,-0.1695,1.3594,3.4049,72.7731703768623,2.759175412533449,67.96460176991151,78.54230644306892,10.577704673157413,33.76976807869458,10.906755037767896,0.0393551045349808,0.026561561665829594,-0.12941175699234,-0.003921568393707199,70.0
462.93740049004555,05,4,09,-2.2483,-0.3237,1.7092,4.2812,73.29399458140882,3.315689036610118,67.96460176991151,79.1913212636202,11.226719493708686,34.82920563261256,9.997664735462115,0.04829591875696443,0.0387003920247411,-0.12941175699234,-0.003921568393707199,70.0
464.07460011541843,05,4,09,-2.3309,0.943,1.4641,4.738,73.5418382677945,3.6733263807129184,67.96460176991151,80.0,12.03539823008849,34.65919072498118,10.225156587560939,0.05592665240241339,0.04397571297288155,-0.12941175699234,-0.003921568393707199,70.0
465.006248652935,05,4,09,-2.077,1.4697,1.5625,5.1092,74.36380559208843,3.8464268078294386,67.96460176991151,80.0,12.03539823008849,33.29118336150909,11.430741502773524,0.06346263448160147,0.04402115372347108,-0.12941175699234,-0.003921568393707199,70.0
465.95310531556606,05,4,09,-1.6122,1.9836,1.4232,5.019,75.4322409647413,3.4365403659571174,68.94622980362641,80.0,11.053770196373591,30.262971842514162,11.100552067167651,0.06910293868112284,0.04144369864594468,-0.12941175699234,-0.003921568393707199,70.0
467.06343926489353,05,4,09,-0.9025,2.5249,1.2267,4.6541,76.32550466061682,3.332568934867187,70.45871559633028,80.84210526315789,10.383389666827611,28.12904819225872,10.709974621006802,0.07200860832975993,0.03923512697705531,-0.12941175699234,-0.003921568393707199,70.0
467.96450056135654,05,4,09,-0.2749,2.8954,0.8192,3.9895,77.11716510678208,3.2211260583709644,70.45871559633028,80.84210526315789,10.383389666827611,28.51604714093634,11.038031579197716,0.07268399052702837,0.038575385026409496,-0.12941175699234,-0.003921568393707199,70.0
469.04527321457863,05,4,09,0.2892,3.0,0.329,3.6182,78.04628258065182,2.5730328621101974,71.81134226086037,80.84210526315789,9.030763002297519,31.908655330802993,13.70026608413951,0.07309453367415407,0.038213259990290786,-0.12941175699234,-0.003921568393707199,70.0
469.95101161301136,05,4,09,0.4827,3.0,-0.0502,3.5329,78.5425359849845,2.0805748702572444,73.84615384615384,80.84210526315789,6.995951417004051,31.852924302774607,13.675004161541432,0.0741257222419754,0.03731175056891809,-0.12941175699234,-0.003921568393707199,70.0
471.0424158722162,05,4,09,0.3852,3.0,-0.247,3.6322,78.62734560984454,1.9368920747011082,73.23366357697417,80.84210526315789,7.608441686183724,29.365032530822837,13.021561420390768,0.07581083974062848,0.035360188350524895,-0.12941175699234,-0.003921568393707199,70.0
471.95574827492237,05,4,09,0.0346,3.0,-0.2828,3.3174,78.29663313489104,2.581520123935646,71.23343521870147,80.84210526315789,9.608670044456417,26.5780231151664,12.405517622296195,0.06881265820371939,0.03382114943980467,-0.12941175699234,-0.003921568393707199,70.0
473.0999484658241,05,4,09,-0.6448,3.0,-0.1111,3.7559,77.51547831222447,3.2929912136797013,71.11111111111111,80.84210526315789,9.730994152046776,25.23737467699521,12.635597772180924,0.05898400154400869,0.027492831053000846,-0.12941175699234,-0.003921568393707199,70.0
474.0132808685303,05,4,09,-1.2959,3.0,0.1341,4.43,76.76011265775341,3.5588659259588526,71.11111111111111,80.84210526315789,9.730994152046776,25.158010808367806,12.662002115672795,0.05008718345556603,0.020083575577541122,-0.12941175699234,-0.003921568393707199,70.0
474.9413888901472,05,4,09,-2.0098,3.0,0.2846,5.2944,76.13386671421361,3.614948988069861,71.11111111111111,80.84210526315789,9.730994152046776,25.711349888372542,12.419004158860636,0.043075516253350044,0.013255554501531779,-0.12941175699234,-0.003921568393707199,70.0
